Workbook

Sheet 00_Cover
A1: IDINO Agent Hub — 전수 화면 체크리스트 (트랙 #83)
A3: 작업 트랙 | B3: #83 — 전수 화면 체크리스트 + 라이브 e2e
A4: 작성일 | B4: 2026-05-12
A5: 대상 시스템 | B5: AgentHub Vue 3 (49 routes) + DocUtil Next.js 16 (25 routes)
A6: 운영 URL | B6: AgentHub: http://192.168.10.39:64005 | DocUtil: http://192.168.10.39:8041
A7: 총 케이스 수 | B7: 479
A8: 총 시트 수 | B8: 83 (Cover/Summary 포함)
A9: 운영 영향 정책 | B9: read-only 진입 + 안전 mutation 1 cycle (시나리오 1 인용) 만
A10: LLM 비용 정책 | B10: Playground/이미지/PPTX 등은 폼 표시만 — 전송 안 함. 채팅 1회는 시나리오 2 인용
A11: DocUtil 자격증명 | B11: 미확보 — DocUtil 사용자/관리자 페이지는 SKIP. 자격증명 제공 시 진행 분기
A12: 관련 commit | B12: 트랙 #75: b7de919 / 3542e33 (시나리오 1~4)

Sheet 01_Summary
A1: 집계
A3: 시트 | B3: 케이스 수 | C3: PASS | D3: FAIL | E3: SKIP | F3: 미실행
A4: ALL | B4: 2 | C4: =COUNTIF('ALL'!I:I,"PASS") | D4: =COUNTIF('ALL'!I:I,"FAIL") | E4: =COUNTIF('ALL'!I:I,"SKIP") | F4: =B4-C4-D4-E4
A5: AdminDocUtilApiKeys | B5: 7 | C5: =COUNTIF('AdminDocUtilApiKeys'!I:I,"PASS") | D5: =COUNTIF('AdminDocUtilApiKeys'!I:I,"FAIL") | E5: =COUNTIF('AdminDocUtilApiKeys'!I:I,"SKIP") | F5: =B5-C5-D5-E5
A6: AdminDocUtilAudit | B6: 7 | C6: =COUNTIF('AdminDocUtilAudit'!I:I,"PASS") | D6: =COUNTIF('AdminDocUtilAudit'!I:I,"FAIL") | E6: =COUNTIF('AdminDocUtilAudit'!I:I,"SKIP") | F6: =B6-C6-D6-E6
A7: AdminDocUtilDashboard | B7: 7 | C7: =COUNTIF('AdminDocUtilDashboard'!I:I,"PASS") | D7: =COUNTIF('AdminDocUtilDashboard'!I:I,"FAIL") | E7: =COUNTIF('AdminDocUtilDashboard'!I:I,"SKIP") | F7: =B7-C7-D7-E7
A8: AdminDocUtilDepartments | B8: 7 | C8: =COUNTIF('AdminDocUtilDepartments'!I:I,"PASS") | D8: =COUNTIF('AdminDocUtilDepartments'!I:I,"FAIL") | E8: =COUNTIF('AdminDocUtilDepartments'!I:I,"SKIP") | F8: =B8-C8-D8-E8
A9: AdminDocUtilDocAgents | B9: 7 | C9: =COUNTIF('AdminDocUtilDocAgents'!I:I,"PASS") | D9: =COUNTIF('AdminDocUtilDocAgents'!I:I,"FAIL") | E9: =COUNTIF('AdminDocUtilDocAgents'!I:I,"SKIP") | F9: =B9-C9-D9-E9
A10: AdminDocUtilDocumentsV2 | B10: 7 | C10: =COUNTIF('AdminDocUtilDocumentsV2'!I:I,"PASS") | D10: =COUNTIF('AdminDocUtilDocumentsV2'!I:I,"FAIL") | E10: =COUNTIF('AdminDocUtilDocumentsV2'!I:I,"SKIP") | F10: =B10-C10-D10-E10
A11: AdminDocUtilEvaluation | B11: 7 | C11: =COUNTIF('AdminDocUtilEvaluation'!I:I,"PASS") | D11: =COUNTIF('AdminDocUtilEvaluation'!I:I,"FAIL") | E11: =COUNTIF('AdminDocUtilEvaluation'!I:I,"SKIP") | F11: =B11-C11-D11-E11
A12: AdminDocUtilFaq | B12: 7 | C12: =COUNTIF('AdminDocUtilFaq'!I:I,"PASS") | D12: =COUNTIF('AdminDocUtilFaq'!I:I,"FAIL") | E12: =COUNTIF('AdminDocUtilFaq'!I:I,"SKIP") | F12: =B12-C12-D12-E12
A13: AdminDocUtilProjects | B13: 7 | C13: =COUNTIF('AdminDocUtilProjects'!I:I,"PASS") | D13: =COUNTIF('AdminDocUtilProjects'!I:I,"FAIL") | E13: =COUNTIF('AdminDocUtilProjects'!I:I,"SKIP") | F13: =B13-C13-D13-E13
A14: AdminDocUtilReports | B14: 7 | C14: =COUNTIF('AdminDocUtilReports'!I:I,"PASS") | D14: =COUNTIF('AdminDocUtilReports'!I:I,"FAIL") | E14: =COUNTIF('AdminDocUtilReports'!I:I,"SKIP") | F14: =B14-C14-D14-E14
A15: AdminDocUtilSearchScopes | B15: 7 | C15: =COUNTIF('AdminDocUtilSearchScopes'!I:I,"PASS") | D15: =COUNTIF('AdminDocUtilSearchScopes'!I:I,"FAIL") | E15: =COUNTIF('AdminDocUtilSearchScopes'!I:I,"SKIP") | F15: =B15-C15-D15-E15
A16: AdminDocUtilTemplates | B16: 7 | C16: =COUNTIF('AdminDocUtilTemplates'!I:I,"PASS") | D16: =COUNTIF('AdminDocUtilTemplates'!I:I,"FAIL") | E16: =COUNTIF('AdminDocUtilTemplates'!I:I,"SKIP") | F16: =B16-C16-D16-E16
A17: AdminDocUtilUsers | B17: 7 | C17: =COUNTIF('AdminDocUtilUsers'!I:I,"PASS") | D17: =COUNTIF('AdminDocUtilUsers'!I:I,"FAIL") | E17: =COUNTIF('AdminDocUtilUsers'!I:I,"SKIP") | F17: =B17-C17-D17-E17
A18: AdminKnowledgeBase | B18: 7 | C18: =COUNTIF('AdminKnowledgeBase'!I:I,"PASS") | D18: =COUNTIF('AdminKnowledgeBase'!I:I,"FAIL") | E18: =COUNTIF('AdminKnowledgeBase'!I:I,"SKIP") | F18: =B18-C18-D18-E18
A19: AdminKnowledgeBaseUpload | B19: 6 | C19: =COUNTIF('AdminKnowledgeBaseUpload'!I:I,"PASS") | D19: =COUNTIF('AdminKnowledgeBaseUpload'!I:I,"FAIL") | E19: =COUNTIF('AdminKnowledgeBaseUpload'!I:I,"SKIP") | F19: =B19-C19-D19-E19
A20: AdminRagMetrics | B20: 7 | C20: =COUNTIF('AdminRagMetrics'!I:I,"PASS") | D20: =COUNTIF('AdminRagMetrics'!I:I,"FAIL") | E20: =COUNTIF('AdminRagMetrics'!I:I,"SKIP") | F20: =B20-C20-D20-E20
A21: AgentBuilder | B21: 7 | C21: =COUNTIF('AgentBuilder'!I:I,"PASS") | D21: =COUNTIF('AgentBuilder'!I:I,"FAIL") | E21: =COUNTIF('AgentBuilder'!I:I,"SKIP") | F21: =B21-C21-D21-E21
A22: AgentChat | B22: 7 | C22: =COUNTIF('AgentChat'!I:I,"PASS") | D22: =COUNTIF('AgentChat'!I:I,"FAIL") | E22: =COUNTIF('AgentChat'!I:I,"SKIP") | F22: =B22-C22-D22-E22
A23: AgentEmbed | B23: 5 | C23: =COUNTIF('AgentEmbed'!I:I,"PASS") | D23: =COUNTIF('AgentEmbed'!I:I,"FAIL") | E23: =COUNTIF('AgentEmbed'!I:I,"SKIP") | F23: =B23-C23-D23-E23
A24: AgentMarketplace | B24: 7 | C24: =COUNTIF('AgentMarketplace'!I:I,"PASS") | D24: =COUNTIF('AgentMarketplace'!I:I,"FAIL") | E24: =COUNTIF('AgentMarketplace'!I:I,"SKIP") | F24: =B24-C24-D24-E24
A25: AgentMultiChat | B25: 7 | C25: =COUNTIF('AgentMultiChat'!I:I,"PASS") | D25: =COUNTIF('AgentMultiChat'!I:I,"FAIL") | E25: =COUNTIF('AgentMultiChat'!I:I,"SKIP") | F25: =B25-C25-D25-E25
A26: AgentPublicChat | B26: 5 | C26: =COUNTIF('AgentPublicChat'!I:I,"PASS") | D26: =COUNTIF('AgentPublicChat'!I:I,"FAIL") | E26: =COUNTIF('AgentPublicChat'!I:I,"SKIP") | F26: =B26-C26-D26-E26
A27: AgentTemplates | B27: 7 | C27: =COUNTIF('AgentTemplates'!I:I,"PASS") | D27: =COUNTIF('AgentTemplates'!I:I,"FAIL") | E27: =COUNTIF('AgentTemplates'!I:I,"SKIP") | F27: =B27-C27-D27-E27
A28: AgentTestPage | B28: 4 | C28: =COUNTIF('AgentTestPage'!I:I,"PASS") | D28: =COUNTIF('AgentTestPage'!I:I,"FAIL") | E28: =COUNTIF('AgentTestPage'!I:I,"SKIP") | F28: =B28-C28-D28-E28
A29: Agents | B29: 7 | C29: =COUNTIF('Agents'!I:I,"PASS") | D29: =COUNTIF('Agents'!I:I,"FAIL") | E29: =COUNTIF('Agents'!I:I,"SKIP") | F29: =B29-C29-D29-E29
A30: Analytics | B30: 7 | C30: =COUNTIF('Analytics'!I:I,"PASS") | D30: =COUNTIF('Analytics'!I:I,"FAIL") | E30: =COUNTIF('Analytics'!I:I,"SKIP") | F30: =B30-C30-D30-E30
A31: ApiKeys | B31: 8 | C31: =COUNTIF('ApiKeys'!I:I,"PASS") | D31: =COUNTIF('ApiKeys'!I:I,"FAIL") | E31: =COUNTIF('ApiKeys'!I:I,"SKIP") | F31: =B31-C31-D31-E31
A32: AuditLog | B32: 7 | C32: =COUNTIF('AuditLog'!I:I,"PASS") | D32: =COUNTIF('AuditLog'!I:I,"FAIL") | E32: =COUNTIF('AuditLog'!I:I,"SKIP") | F32: =B32-C32-D32-E32
A33: BannedWords | B33: 7 | C33: =COUNTIF('BannedWords'!I:I,"PASS") | D33: =COUNTIF('BannedWords'!I:I,"FAIL") | E33: =COUNTIF('BannedWords'!I:I,"SKIP") | F33: =B33-C33-D33-E33
A34: CostAnalysis | B34: 7 | C34: =COUNTIF('CostAnalysis'!I:I,"PASS") | D34: =COUNTIF('CostAnalysis'!I:I,"FAIL") | E34: =COUNTIF('CostAnalysis'!I:I,"SKIP") | F34: =B34-C34-D34-E34
A35: DU_AdminAccounts | B35: 4 | C35: =COUNTIF('DU_AdminAccounts'!I:I,"PASS") | D35: =COUNTIF('DU_AdminAccounts'!I:I,"FAIL") | E35: =COUNTIF('DU_AdminAccounts'!I:I,"SKIP") | F35: =B35-C35-D35-E35
A36: DU_AdminDashboard | B36: 4 | C36: =COUNTIF('DU_AdminDashboard'!I:I,"PASS") | D36: =COUNTIF('DU_AdminDashboard'!I:I,"FAIL") | E36: =COUNTIF('DU_AdminDashboard'!I:I,"SKIP") | F36: =B36-C36-D36-E36
A37: DU_Agents | B37: 4 | C37: =COUNTIF('DU_Agents'!I:I,"PASS") | D37: =COUNTIF('DU_Agents'!I:I,"FAIL") | E37: =COUNTIF('DU_Agents'!I:I,"SKIP") | F37: =B37-C37-D37-E37
A38: DU_ApiKeys | B38: 4 | C38: =COUNTIF('DU_ApiKeys'!I:I,"PASS") | D38: =COUNTIF('DU_ApiKeys'!I:I,"FAIL") | E38: =COUNTIF('DU_ApiKeys'!I:I,"SKIP") | F38: =B38-C38-D38-E38
A39: DU_Chat | B39: 4 | C39: =COUNTIF('DU_Chat'!I:I,"PASS") | D39: =COUNTIF('DU_Chat'!I:I,"FAIL") | E39: =COUNTIF('DU_Chat'!I:I,"SKIP") | F39: =B39-C39-D39-E39
A40: DU_Departments | B40: 4 | C40: =COUNTIF('DU_Departments'!I:I,"PASS") | D40: =COUNTIF('DU_Departments'!I:I,"FAIL") | E40: =COUNTIF('DU_Departments'!I:I,"SKIP") | F40: =B40-C40-D40-E40
A41: DU_DesignerCreate | B41: 4 | C41: =COUNTIF('DU_DesignerCreate'!I:I,"PASS") | D41: =COUNTIF('DU_DesignerCreate'!I:I,"FAIL") | E41: =COUNTIF('DU_DesignerCreate'!I:I,"SKIP") | F41: =B41-C41-D41-E41
A42: DU_DesignerDocument | B42: 4 | C42: =COUNTIF('DU_DesignerDocument'!I:I,"PASS") | D42: =COUNTIF('DU_DesignerDocument'!I:I,"FAIL") | E42: =COUNTIF('DU_DesignerDocument'!I:I,"SKIP") | F42: =B42-C42-D42-E42
A43: DU_DesignerFill | B43: 4 | C43: =COUNTIF('DU_DesignerFill'!I:I,"PASS") | D43: =COUNTIF('DU_DesignerFill'!I:I,"FAIL") | E43: =COUNTIF('DU_DesignerFill'!I:I,"SKIP") | F43: =B43-C43-D43-E43
A44: DU_Documents | B44: 4 | C44: =COUNTIF('DU_Documents'!I:I,"PASS") | D44: =COUNTIF('DU_Documents'!I:I,"FAIL") | E44: =COUNTIF('DU_Documents'!I:I,"SKIP") | F44: =B44-C44-D44-E44
A45: DU_Evaluation | B45: 4 | C45: =COUNTIF('DU_Evaluation'!I:I,"PASS") | D45: =COUNTIF('DU_Evaluation'!I:I,"FAIL") | E45: =COUNTIF('DU_Evaluation'!I:I,"SKIP") | F45: =B45-C45-D45-E45
A46: DU_Help | B46: 4 | C46: =COUNTIF('DU_Help'!I:I,"PASS") | D46: =COUNTIF('DU_Help'!I:I,"FAIL") | E46: =COUNTIF('DU_Help'!I:I,"SKIP") | F46: =B46-C46-D46-E46
A47: DU_Home | B47: 4 | C47: =COUNTIF('DU_Home'!I:I,"PASS") | D47: =COUNTIF('DU_Home'!I:I,"FAIL") | E47: =COUNTIF('DU_Home'!I:I,"SKIP") | F47: =B47-C47-D47-E47
A48: DU_Login | B48: 4 | C48: =COUNTIF('DU_Login'!I:I,"PASS") | D48: =COUNTIF('DU_Login'!I:I,"FAIL") | E48: =COUNTIF('DU_Login'!I:I,"SKIP") | F48: =B48-C48-D48-E48
A49: DU_MyDocuments | B49: 4 | C49: =COUNTIF('DU_MyDocuments'!I:I,"PASS") | D49: =COUNTIF('DU_MyDocuments'!I:I,"FAIL") | E49: =COUNTIF('DU_MyDocuments'!I:I,"SKIP") | F49: =B49-C49-D49-E49
A50: DU_PreviewHost | B50: 4 | C50: =COUNTIF('DU_PreviewHost'!I:I,"PASS") | D50: =COUNTIF('DU_PreviewHost'!I:I,"FAIL") | E50: =COUNTIF('DU_PreviewHost'!I:I,"SKIP") | F50: =B50-C50-D50-E50
A51: DU_Projects | B51: 4 | C51: =COUNTIF('DU_Projects'!I:I,"PASS") | D51: =COUNTIF('DU_Projects'!I:I,"FAIL") | E51: =COUNTIF('DU_Projects'!I:I,"SKIP") | F51: =B51-C51-D51-E51
A52: DU_QuickGuide | B52: 4 | C52: =COUNTIF('DU_QuickGuide'!I:I,"PASS") | D52: =COUNTIF('DU_QuickGuide'!I:I,"FAIL") | E52: =COUNTIF('DU_QuickGuide'!I:I,"SKIP") | F52: =B52-C52-D52-E52
A53: DU_Quotas | B53: 4 | C53: =COUNTIF('DU_Quotas'!I:I,"PASS") | D53: =COUNTIF('DU_Quotas'!I:I,"FAIL") | E53: =COUNTIF('DU_Quotas'!I:I,"SKIP") | F53: =B53-C53-D53-E53
A54: DU_Reports | B54: 4 | C54: =COUNTIF('DU_Reports'!I:I,"PASS") | D54: =COUNTIF('DU_Reports'!I:I,"FAIL") | E54: =COUNTIF('DU_Reports'!I:I,"SKIP") | F54: =B54-C54-D54-E54
A55: DU_Search | B55: 4 | C55: =COUNTIF('DU_Search'!I:I,"PASS") | D55: =COUNTIF('DU_Search'!I:I,"FAIL") | E55: =COUNTIF('DU_Search'!I:I,"SKIP") | F55: =B55-C55-D55-E55
A56: DU_SearchScopes | B56: 4 | C56: =COUNTIF('DU_SearchScopes'!I:I,"PASS") | D56: =COUNTIF('DU_SearchScopes'!I:I,"FAIL") | E56: =COUNTIF('DU_SearchScopes'!I:I,"SKIP") | F56: =B56-C56-D56-E56
A57: DU_SearchTest | B57: 4 | C57: =COUNTIF('DU_SearchTest'!I:I,"PASS") | D57: =COUNTIF('DU_SearchTest'!I:I,"FAIL") | E57: =COUNTIF('DU_SearchTest'!I:I,"SKIP") | F57: =B57-C57-D57-E57
A58: DU_Settings | B58: 4 | C58: =COUNTIF('DU_Settings'!I:I,"PASS") | D58: =COUNTIF('DU_Settings'!I:I,"FAIL") | E58: =COUNTIF('DU_Settings'!I:I,"SKIP") | F58: =B58-C58-D58-E58
A59: DU_Templates | B59: 4 | C59: =COUNTIF('DU_Templates'!I:I,"PASS") | D59: =COUNTIF('DU_Templates'!I:I,"FAIL") | E59: =COUNTIF('DU_Templates'!I:I,"SKIP") | F59: =B59-C59-D59-E59
A60: Dashboard | B60: 7 | C60: =COUNTIF('Dashboard'!I:I,"PASS") | D60: =COUNTIF('Dashboard'!I:I,"FAIL") | E60: =COUNTIF('Dashboard'!I:I,"SKIP") | F60: =B60-C60-D60-E60
A61: DatabaseBackup | B61: 7 | C61: =COUNTIF('DatabaseBackup'!I:I,"PASS") | D61: =COUNTIF('DatabaseBackup'!I:I,"FAIL") | E61: =COUNTIF('DatabaseBackup'!I:I,"SKIP") | F61: =B61-C61-D61-E61
A62: ForgotPassword | B62: 4 | C62: =COUNTIF('ForgotPassword'!I:I,"PASS") | D62: =COUNTIF('ForgotPassword'!I:I,"FAIL") | E62: =COUNTIF('ForgotPassword'!I:I,"SKIP") | F62: =B62-C62-D62-E62
A63: Help | B63: 7 | C63: =COUNTIF('Help'!I:I,"PASS") | D63: =COUNTIF('Help'!I:I,"FAIL") | E63: =COUNTIF('Help'!I:I,"SKIP") | F63: =B63-C63-D63-E63
A64: ImageGeneration | B64: 7 | C64: =COUNTIF('ImageGeneration'!I:I,"PASS") | D64: =COUNTIF('ImageGeneration'!I:I,"FAIL") | E64: =COUNTIF('ImageGeneration'!I:I,"SKIP") | F64: =B64-C64-D64-E64
A65: Landing | B65: 4 | C65: =COUNTIF('Landing'!I:I,"PASS") | D65: =COUNTIF('Landing'!I:I,"FAIL") | E65: =COUNTIF('Landing'!I:I,"SKIP") | F65: =B65-C65-D65-E65
A66: Login | B66: 7 | C66: =COUNTIF('Login'!I:I,"PASS") | D66: =COUNTIF('Login'!I:I,"FAIL") | E66: =COUNTIF('Login'!I:I,"SKIP") | F66: =B66-C66-D66-E66
A67: PiiProtection | B67: 7 | C67: =COUNTIF('PiiProtection'!I:I,"PASS") | D67: =COUNTIF('PiiProtection'!I:I,"FAIL") | E67: =COUNTIF('PiiProtection'!I:I,"SKIP") | F67: =B67-C67-D67-E67
A68: Playground | B68: 7 | C68: =COUNTIF('Playground'!I:I,"PASS") | D68: =COUNTIF('Playground'!I:I,"FAIL") | E68: =COUNTIF('Playground'!I:I,"SKIP") | F68: =B68-C68-D68-E68
A69: PresentationBuilder | B69: 7 | C69: =COUNTIF('PresentationBuilder'!I:I,"PASS") | D69: =COUNTIF('PresentationBuilder'!I:I,"FAIL") | E69: =COUNTIF('PresentationBuilder'!I:I,"SKIP") | F69: =B69-C69-D69-E69
A70: PresentationTemplateManagement | B70: 7 | C70: =COUNTIF('PresentationTemplateManagement'!I:I,"PASS") | D70: =COUNTIF('PresentationTemplateManagement'!I:I,"FAIL") | E70: =COUNTIF('PresentationTemplateManagement'!I:I,"SKIP") | F70: =B70-C70-D70-E70
A71: PrivacyPolicy | B71: 4 | C71: =COUNTIF('PrivacyPolicy'!I:I,"PASS") | D71: =COUNTIF('PrivacyPolicy'!I:I,"FAIL") | E71: =COUNTIF('PrivacyPolicy'!I:I,"SKIP") | F71: =B71-C71-D71-E71
A72: QuickImageGeneration | B72: 7 | C72: =COUNTIF('QuickImageGeneration'!I:I,"PASS") | D72: =COUNTIF('QuickImageGeneration'!I:I,"FAIL") | E72: =COUNTIF('QuickImageGeneration'!I:I,"SKIP") | F72: =B72-C72-D72-E72
A73: Quota | B73: 7 | C73: =COUNTIF('Quota'!I:I,"PASS") | D73: =COUNTIF('Quota'!I:I,"FAIL") | E73: =COUNTIF('Quota'!I:I,"SKIP") | F73: =B73-C73-D73-E73
A74: Reports | B74: 7 | C74: =COUNTIF('Reports'!I:I,"PASS") | D74: =COUNTIF('Reports'!I:I,"FAIL") | E74: =COUNTIF('Reports'!I:I,"SKIP") | F74: =B74-C74-D74-E74
A75: ResetPassword | B75: 4 | C75: =COUNTIF('ResetPassword'!I:I,"PASS") | D75: =COUNTIF('ResetPassword'!I:I,"FAIL") | E75: =COUNTIF('ResetPassword'!I:I,"SKIP") | F75: =B75-C75-D75-E75
A76: Settings | B76: 7 | C76: =COUNTIF('Settings'!I:I,"PASS") | D76: =COUNTIF('Settings'!I:I,"FAIL") | E76: =COUNTIF('Settings'!I:I,"SKIP") | F76: =B76-C76-D76-E76
A77: SystemHealth | B77: 7 | C77: =COUNTIF('SystemHealth'!I:I,"PASS") | D77: =COUNTIF('SystemHealth'!I:I,"FAIL") | E77: =COUNTIF('SystemHealth'!I:I,"SKIP") | F77: =B77-C77-D77-E77
A78: Team | B78: 7 | C78: =COUNTIF('Team'!I:I,"PASS") | D78: =COUNTIF('Team'!I:I,"FAIL") | E78: =COUNTIF('Team'!I:I,"SKIP") | F78: =B78-C78-D78-E78
A79: TermsOfService | B79: 4 | C79: =COUNTIF('TermsOfService'!I:I,"PASS") | D79: =COUNTIF('TermsOfService'!I:I,"FAIL") | E79: =COUNTIF('TermsOfService'!I:I,"SKIP") | F79: =B79-C79-D79-E79
A80: ToolBuilder | B80: 7 | C80: =COUNTIF('ToolBuilder'!I:I,"PASS") | D80: =COUNTIF('ToolBuilder'!I:I,"FAIL") | E80: =COUNTIF('ToolBuilder'!I:I,"SKIP") | F80: =B80-C80-D80-E80
A81: Tools | B81: 7 | C81: =COUNTIF('Tools'!I:I,"PASS") | D81: =COUNTIF('Tools'!I:I,"FAIL") | E81: =COUNTIF('Tools'!I:I,"SKIP") | F81: =B81-C81-D81-E81
A82: UsageHistory | B82: 7 | C82: =COUNTIF('UsageHistory'!I:I,"PASS") | D82: =COUNTIF('UsageHistory'!I:I,"FAIL") | E82: =COUNTIF('UsageHistory'!I:I,"SKIP") | F82: =B82-C82-D82-E82
A83: Users | B83: 7 | C83: =COUNTIF('Users'!I:I,"PASS") | D83: =COUNTIF('Users'!I:I,"FAIL") | E83: =COUNTIF('Users'!I:I,"SKIP") | F83: =B83-C83-D83-E83
A84: WorkflowBuilder | B84: 7 | C84: =COUNTIF('WorkflowBuilder'!I:I,"PASS") | D84: =COUNTIF('WorkflowBuilder'!I:I,"FAIL") | E84: =COUNTIF('WorkflowBuilder'!I:I,"SKIP") | F84: =B84-C84-D84-E84
A85: WorkflowExecutionMonitor | B85: 7 | C85: =COUNTIF('WorkflowExecutionMonitor'!I:I,"PASS") | D85: =COUNTIF('WorkflowExecutionMonitor'!I:I,"FAIL") | E85: =COUNTIF('WorkflowExecutionMonitor'!I:I,"SKIP") | F85: =B85-C85-D85-E85
A86: Workflows | B86: 7 | C86: =COUNTIF('Workflows'!I:I,"PASS") | D86: =COUNTIF('Workflows'!I:I,"FAIL") | E86: =COUNTIF('Workflows'!I:I,"SKIP") | F86: =B86-C86-D86-E86
A87: 합계 | B87: =SUM(B4:B86) | C87: =SUM(C4:C86) | D87: =SUM(D4:D86) | E87: =SUM(E4:E86) | F87: =SUM(F4:F86)
A90: 위험도 분포
A91: cost | B91: 1
A92: mutation | B92: 1
A93: safe | B93: 477
A96: 자동화 분포
A97: auto | B97: 453
A98: manual | B98: 4
A99: skip | B99: 22

Sheet ALL
A1: ID | B1: 화면 | C1: 인터랙션 | D1: 사전조건 | E1: 입력/액션 | F1: 기대 결과 | G1: 위험도 | H1: 자동화 | I1: 결과 | J1: 실측값 | K1: 비고 | L1: 검증일시 | M1: 스크린샷 경로
A2: AH-SP-130 | B2: 전역 — DocUtil 502 fallback | C2: [시나리오 3 인용] AdminDocUtil* 13개 화면에서 DocUtil 502 시 한국어 에러 fallback | D2: 트랙 #75 commit b7de919 참조 | E2: (자동화 완료 — 재실행 안 함) | F2: PASS (시나리오 3 결과 인용) | G2: safe | H2: manual | I2: PASS | K2: [시나리오 3 인용] tools/ui_e2e/scenario_3_result.json (b7de919) | L2: 2026-05-12 (인용)
A3: AH-SP-131 | B3: 전역 — DocUtil 로그인 확인 | C3: [시나리오 4 인용] DocUtil 자격증명 미확보 확인 | D3: 트랙 #75 commit 3542e33 참조 | E3: (자동화 완료 — 재실행 안 함) | F3: SKIP (시나리오 4 결과 인용 — DocUtil 자격증명 제공 시 진행) | G3: safe | H3: manual | I3: SKIP | K3: [시나리오 4 인용] tools/ui_e2e/scenario_4_result.json (3542e33) | L3: 2026-05-12 (인용)

Sheet AdminDocUtilApiKeys
A1: ID | B1: 화면 | C1: 인터랙션 | D1: 사전조건 | E1: 입력/액션 | F1: 기대 결과 | G1: 위험도 | H1: 자동화 | I1: 결과 | J1: 실측값 | K1: 비고 | L1: 검증일시 | M1: 스크린샷 경로
A2: AH-038-01 | B2: AdminDocUtilApiKeys | C2: 화면 진입 (admin 세션) | D2: (admin 로그인) — public 라우트도 admin 세션 보유 상태에서 진입 | E2: GET /admin/docutil-api-keys | F2: HTTP 200 또는 클라이언트 라우팅 성공 + 페이지 마운트 (Vue/Next 컴포넌트 렌더) | G2: safe | H2: auto | I2: PASS | J2: DOM mounted=True | duration=1785ms | final=http://192.168.10.39:64005/admin/docutil-api-keys | L2: 2026-05-12 15:33:17 | M2: tools/ui_e2e/screenshots/full/AH_PROT_AdminDocUtilApiKeys.png
A3: AH-038-02 | B3: AdminDocUtilApiKeys | C3: 권한 분기 (anonymous → /login 리다이렉트) | D3: (미로그인 + 새 컨텍스트) | E3: GET /admin/docutil-api-keys (token 없음) | F3: /login?redirect=... 또는 /landing 으로 리다이렉트 | G3: safe | H3: auto | I3: PASS | J3: final=http://192.168.10.39:64005/login?redirect=/admin/docutil-api-keys | K3: final=http://192.168.10.39:64005/login?redirect=/admin/docutil-api-keys | L3: 2026-05-12 15:40:00
A4: AH-038-03 | B4: AdminDocUtilApiKeys | C4: DOM 마운트 + 주요 컨테이너 렌더 | D4: (라우트 진입 완료) | E4: DOM 로드 + 1초 대기 → console error 0건 + 핵심 selector 가시 | F4: console error 0건 (잘 알려진 외부 라이브러리 경고 제외), 핵심 컨테이너(main/main-layout/page-root) 렌더 | G4: safe | H4: auto | I4: PASS | L4: 2026-05-12 15:33:17
A5: AH-038-04 | B5: AdminDocUtilApiKeys | C5: 페이지 진입 시 API 자동 호출 응답 확인 | D5: (라우트 진입 완료) | E5: network 모니터 — 첫 5초 내 발생한 /api 또는 /v1 호출 + 상태코드 수집 | F5: 관련 API 200 OK 또는 비-401 응답. 401 발생 시 권한 분기 케이스로 분류 | G5: safe | H5: auto | I5: PASS | L5: 2026-05-12 15:33:17
A6: AH-038-05 | B6: AdminDocUtilApiKeys | C6: 사이드바 / 헤더 / 활성 메뉴 표시 | D6: (라우트 진입 완료) | E6: 선택된 메뉴 highlight + 현재 사용자(admin) 정보 표시 확인 | F6: 사이드바 노드 활성 클래스 + 사용자 아바타/이름 가시 | G6: safe | H6: auto | I6: PASS | L6: 2026-05-12 15:33:17
A7: AH-038-06 | B7: AdminDocUtilApiKeys | C7: 스크린샷 캡처 (감사용) | D7: (라우트 진입 + DOM 안정화) | E7: viewport 스크린샷 (full=false) | F7: screenshots/full/ 하위 .png 저장됨 (평문 시크릿 없음) | G7: safe | H7: auto | I7: PASS | L7: 2026-05-12 15:33:17 | M7: tools/ui_e2e/screenshots/full/AH_PROT_AdminDocUtilApiKeys.png
A8: AH-SP-050-docutil-api-keys | B8: DocUtil API 키 | C8: BFF 데이터 로드 (DocUtil → AgentHub BFF) | D8: (admin 로그인) | E8: /admin/docutil-api-keys 진입 | F8: DocUtil API 응답 또는 5xx 시 한국어 에러 토스트 | G8: safe | H8: auto | I8: PASS | K8: [라이브 라우트 결과 인용] AdminDocUtilApiKeys: PASS | L8: 2026-05-12 (인용)

Sheet AdminDocUtilAudit
A1: ID | B1: 화면 | C1: 인터랙션 | D1: 사전조건 | E1: 입력/액션 | F1: 기대 결과 | G1: 위험도 | H1: 자동화 | I1: 결과 | J1: 실측값 | K1: 비고 | L1: 검증일시 | M1: 스크린샷 경로
A2: AH-032-01 | B2: AdminDocUtilAudit | C2: 화면 진입 (admin 세션) | D2: (admin 로그인) — public 라우트도 admin 세션 보유 상태에서 진입 | E2: GET /admin/docutil-audit | F2: HTTP 200 또는 클라이언트 라우팅 성공 + 페이지 마운트 (Vue/Next 컴포넌트 렌더) | G2: safe | H2: auto | I2: PASS | J2: DOM mounted=True | duration=1796ms | final=http://192.168.10.39:64005/admin/docutil-audit | L2: 2026-05-12 15:33:06 | M2: tools/ui_e2e/screenshots/full/AH_PROT_AdminDocUtilAudit.png
A3: AH-032-02 | B3: AdminDocUtilAudit | C3: 권한 분기 (anonymous → /login 리다이렉트) | D3: (미로그인 + 새 컨텍스트) | E3: GET /admin/docutil-audit (token 없음) | F3: /login?redirect=... 또는 /landing 으로 리다이렉트 | G3: safe | H3: auto | I3: PASS | J3: final=http://192.168.10.39:64005/login?redirect=/admin/docutil-audit | K3: final=http://192.168.10.39:64005/login?redirect=/admin/docutil-audit | L3: 2026-05-12 15:40:00
A4: AH-032-03 | B4: AdminDocUtilAudit | C4: DOM 마운트 + 주요 컨테이너 렌더 | D4: (라우트 진입 완료) | E4: DOM 로드 + 1초 대기 → console error 0건 + 핵심 selector 가시 | F4: console error 0건 (잘 알려진 외부 라이브러리 경고 제외), 핵심 컨테이너(main/main-layout/page-root) 렌더 | G4: safe | H4: auto | I4: PASS | L4: 2026-05-12 15:33:06
A5: AH-032-04 | B5: AdminDocUtilAudit | C5: 페이지 진입 시 API 자동 호출 응답 확인 | D5: (라우트 진입 완료) | E5: network 모니터 — 첫 5초 내 발생한 /api 또는 /v1 호출 + 상태코드 수집 | F5: 관련 API 200 OK 또는 비-401 응답. 401 발생 시 권한 분기 케이스로 분류 | G5: safe | H5: auto | I5: PASS | L5: 2026-05-12 15:33:06
A6: AH-032-05 | B6: AdminDocUtilAudit | C6: 사이드바 / 헤더 / 활성 메뉴 표시 | D6: (라우트 진입 완료) | E6: 선택된 메뉴 highlight + 현재 사용자(admin) 정보 표시 확인 | F6: 사이드바 노드 활성 클래스 + 사용자 아바타/이름 가시 | G6: safe | H6: auto | I6: PASS | L6: 2026-05-12 15:33:06
A7: AH-032-06 | B7: AdminDocUtilAudit | C7: 스크린샷 캡처 (감사용) | D7: (라우트 진입 + DOM 안정화) | E7: viewport 스크린샷 (full=false) | F7: screenshots/full/ 하위 .png 저장됨 (평문 시크릿 없음) | G7: safe | H7: auto | I7: PASS | L7: 2026-05-12 15:33:06 | M7: tools/ui_e2e/screenshots/full/AH_PROT_AdminDocUtilAudit.png
A8: AH-SP-050-docutil-audit | B8: DocUtil 감사 | C8: BFF 데이터 로드 (DocUtil → AgentHub BFF) | D8: (admin 로그인) | E8: /admin/docutil-audit 진입 | F8: DocUtil API 응답 또는 5xx 시 한국어 에러 토스트 | G8: safe | H8: auto | I8: PASS | K8: [라이브 라우트 결과 인용] AdminDocUtilAudit: PASS | L8: 2026-05-12 (인용)

Sheet AdminDocUtilDashboard
A1: ID | B1: 화면 | C1: 인터랙션 | D1: 사전조건 | E1: 입력/액션 | F1: 기대 결과 | G1: 위험도 | H1: 자동화 | I1: 결과 | J1: 실측값 | K1: 비고 | L1: 검증일시 | M1: 스크린샷 경로
A2: AH-031-01 | B2: AdminDocUtilDashboard | C2: 화면 진입 (admin 세션) | D2: (admin 로그인) — public 라우트도 admin 세션 보유 상태에서 진입 | E2: GET /admin/docutil-dashboard | F2: HTTP 200 또는 클라이언트 라우팅 성공 + 페이지 마운트 (Vue/Next 컴포넌트 렌더) | G2: safe | H2: auto | I2: PASS | J2: DOM mounted=True | duration=1786ms | final=http://192.168.10.39:64005/admin/docutil-dashboard | L2: 2026-05-12 15:33:04 | M2: tools/ui_e2e/screenshots/full/AH_PROT_AdminDocUtilDashboard.png
A3: AH-031-02 | B3: AdminDocUtilDashboard | C3: 권한 분기 (anonymous → /login 리다이렉트) | D3: (미로그인 + 새 컨텍스트) | E3: GET /admin/docutil-dashboard (token 없음) | F3: /login?redirect=... 또는 /landing 으로 리다이렉트 | G3: safe | H3: auto | I3: PASS | J3: final=http://192.168.10.39:64005/login?redirect=/admin/docutil-dashboard | K3: final=http://192.168.10.39:64005/login?redirect=/admin/docutil-dashboard | L3: 2026-05-12 15:40:00
A4: AH-031-03 | B4: AdminDocUtilDashboard | C4: DOM 마운트 + 주요 컨테이너 렌더 | D4: (라우트 진입 완료) | E4: DOM 로드 + 1초 대기 → console error 0건 + 핵심 selector 가시 | F4: console error 0건 (잘 알려진 외부 라이브러리 경고 제외), 핵심 컨테이너(main/main-layout/page-root) 렌더 | G4: safe | H4: auto | I4: PASS | L4: 2026-05-12 15:33:04
A5: AH-031-04 | B5: AdminDocUtilDashboard | C5: 페이지 진입 시 API 자동 호출 응답 확인 | D5: (라우트 진입 완료) | E5: network 모니터 — 첫 5초 내 발생한 /api 또는 /v1 호출 + 상태코드 수집 | F5: 관련 API 200 OK 또는 비-401 응답. 401 발생 시 권한 분기 케이스로 분류 | G5: safe | H5: auto | I5: PASS | L5: 2026-05-12 15:33:04
A6: AH-031-05 | B6: AdminDocUtilDashboard | C6: 사이드바 / 헤더 / 활성 메뉴 표시 | D6: (라우트 진입 완료) | E6: 선택된 메뉴 highlight + 현재 사용자(admin) 정보 표시 확인 | F6: 사이드바 노드 활성 클래스 + 사용자 아바타/이름 가시 | G6: safe | H6: auto | I6: PASS | L6: 2026-05-12 15:33:04
A7: AH-031-06 | B7: AdminDocUtilDashboard | C7: 스크린샷 캡처 (감사용) | D7: (라우트 진입 + DOM 안정화) | E7: viewport 스크린샷 (full=false) | F7: screenshots/full/ 하위 .png 저장됨 (평문 시크릿 없음) | G7: safe | H7: auto | I7: PASS | L7: 2026-05-12 15:33:04 | M7: tools/ui_e2e/screenshots/full/AH_PROT_AdminDocUtilDashboard.png
A8: AH-SP-050-docutil-dashboard | B8: DocUtil 대시보드 | C8: BFF 데이터 로드 (DocUtil → AgentHub BFF) | D8: (admin 로그인) | E8: /admin/docutil-dashboard 진입 | F8: DocUtil API 응답 또는 5xx 시 한국어 에러 토스트 | G8: safe | H8: auto | I8: PASS | K8: [라이브 라우트 결과 인용] AdminDocUtilDashboard: PASS | L8: 2026-05-12 (인용)

Sheet AdminDocUtilDepartments
A1: ID | B1: 화면 | C1: 인터랙션 | D1: 사전조건 | E1: 입력/액션 | F1: 기대 결과 | G1: 위험도 | H1: 자동화 | I1: 결과 | J1: 실측값 | K1: 비고 | L1: 검증일시 | M1: 스크린샷 경로
A2: AH-029-01 | B2: AdminDocUtilDepartments | C2: 화면 진입 (admin 세션) | D2: (admin 로그인) — public 라우트도 admin 세션 보유 상태에서 진입 | E2: GET /admin/docutil-departments | F2: HTTP 200 또는 클라이언트 라우팅 성공 + 페이지 마운트 (Vue/Next 컴포넌트 렌더) | G2: safe | H2: auto | I2: PASS | J2: DOM mounted=True | duration=1780ms | final=http://192.168.10.39:64005/admin/docutil-departments | L2: 2026-05-12 15:33:01 | M2: tools/ui_e2e/screenshots/full/AH_PROT_AdminDocUtilDepartments.png
A3: AH-029-02 | B3: AdminDocUtilDepartments | C3: 권한 분기 (anonymous → /login 리다이렉트) | D3: (미로그인 + 새 컨텍스트) | E3: GET /admin/docutil-departments (token 없음) | F3: /login?redirect=... 또는 /landing 으로 리다이렉트 | G3: safe | H3: auto | I3: PASS | J3: final=http://192.168.10.39:64005/login?redirect=/admin/docutil-departments | K3: final=http://192.168.10.39:64005/login?redirect=/admin/docutil-departments | L3: 2026-05-12 15:40:00
A4: AH-029-03 | B4: AdminDocUtilDepartments | C4: DOM 마운트 + 주요 컨테이너 렌더 | D4: (라우트 진입 완료) | E4: DOM 로드 + 1초 대기 → console error 0건 + 핵심 selector 가시 | F4: console error 0건 (잘 알려진 외부 라이브러리 경고 제외), 핵심 컨테이너(main/main-layout/page-root) 렌더 | G4: safe | H4: auto | I4: PASS | L4: 2026-05-12 15:33:01
A5: AH-029-04 | B5: AdminDocUtilDepartments | C5: 페이지 진입 시 API 자동 호출 응답 확인 | D5: (라우트 진입 완료) | E5: network 모니터 — 첫 5초 내 발생한 /api 또는 /v1 호출 + 상태코드 수집 | F5: 관련 API 200 OK 또는 비-401 응답. 401 발생 시 권한 분기 케이스로 분류 | G5: safe | H5: auto | I5: PASS | L5: 2026-05-12 15:33:01
A6: AH-029-05 | B6: AdminDocUtilDepartments | C6: 사이드바 / 헤더 / 활성 메뉴 표시 | D6: (라우트 진입 완료) | E6: 선택된 메뉴 highlight + 현재 사용자(admin) 정보 표시 확인 | F6: 사이드바 노드 활성 클래스 + 사용자 아바타/이름 가시 | G6: safe | H6: auto | I6: PASS | L6: 2026-05-12 15:33:01
A7: AH-029-06 | B7: AdminDocUtilDepartments | C7: 스크린샷 캡처 (감사용) | D7: (라우트 진입 + DOM 안정화) | E7: viewport 스크린샷 (full=false) | F7: screenshots/full/ 하위 .png 저장됨 (평문 시크릿 없음) | G7: safe | H7: auto | I7: PASS | L7: 2026-05-12 15:33:01 | M7: tools/ui_e2e/screenshots/full/AH_PROT_AdminDocUtilDepartments.png
A8: AH-SP-050-docutil-departments | B8: DocUtil 부서 | C8: BFF 데이터 로드 (DocUtil → AgentHub BFF) | D8: (admin 로그인) | E8: /admin/docutil-departments 진입 | F8: DocUtil API 응답 또는 5xx 시 한국어 에러 토스트 | G8: safe | H8: auto | I8: PASS | K8: [라이브 라우트 결과 인용] AdminDocUtilDepartments: PASS | L8: 2026-05-12 (인용)

Sheet AdminDocUtilDocAgents
A1: ID | B1: 화면 | C1: 인터랙션 | D1: 사전조건 | E1: 입력/액션 | F1: 기대 결과 | G1: 위험도 | H1: 자동화 | I1: 결과 | J1: 실측값 | K1: 비고 | L1: 검증일시 | M1: 스크린샷 경로
A2: AH-039-01 | B2: AdminDocUtilDocAgents | C2: 화면 진입 (admin 세션) | D2: (admin 로그인) — public 라우트도 admin 세션 보유 상태에서 진입 | E2: GET /admin/docutil-doc-agents | F2: HTTP 200 또는 클라이언트 라우팅 성공 + 페이지 마운트 (Vue/Next 컴포넌트 렌더) | G2: safe | H2: auto | I2: PASS | J2: DOM mounted=True | duration=1796ms | final=http://192.168.10.39:64005/admin/docutil-doc-agents | L2: 2026-05-12 15:33:19 | M2: tools/ui_e2e/screenshots/full/AH_PROT_AdminDocUtilDocAgents.png
A3: AH-039-02 | B3: AdminDocUtilDocAgents | C3: 권한 분기 (anonymous → /login 리다이렉트) | D3: (미로그인 + 새 컨텍스트) | E3: GET /admin/docutil-doc-agents (token 없음) | F3: /login?redirect=... 또는 /landing 으로 리다이렉트 | G3: safe | H3: auto | I3: PASS | J3: final=http://192.168.10.39:64005/login?redirect=/admin/docutil-doc-agents | K3: final=http://192.168.10.39:64005/login?redirect=/admin/docutil-doc-agents | L3: 2026-05-12 15:40:00
A4: AH-039-03 | B4: AdminDocUtilDocAgents | C4: DOM 마운트 + 주요 컨테이너 렌더 | D4: (라우트 진입 완료) | E4: DOM 로드 + 1초 대기 → console error 0건 + 핵심 selector 가시 | F4: console error 0건 (잘 알려진 외부 라이브러리 경고 제외), 핵심 컨테이너(main/main-layout/page-root) 렌더 | G4: safe | H4: auto | I4: PASS | L4: 2026-05-12 15:33:19
A5: AH-039-04 | B5: AdminDocUtilDocAgents | C5: 페이지 진입 시 API 자동 호출 응답 확인 | D5: (라우트 진입 완료) | E5: network 모니터 — 첫 5초 내 발생한 /api 또는 /v1 호출 + 상태코드 수집 | F5: 관련 API 200 OK 또는 비-401 응답. 401 발생 시 권한 분기 케이스로 분류 | G5: safe | H5: auto | I5: PASS | L5: 2026-05-12 15:33:19
A6: AH-039-05 | B6: AdminDocUtilDocAgents | C6: 사이드바 / 헤더 / 활성 메뉴 표시 | D6: (라우트 진입 완료) | E6: 선택된 메뉴 highlight + 현재 사용자(admin) 정보 표시 확인 | F6: 사이드바 노드 활성 클래스 + 사용자 아바타/이름 가시 | G6: safe | H6: auto | I6: PASS | L6: 2026-05-12 15:33:19
A7: AH-039-06 | B7: AdminDocUtilDocAgents | C7: 스크린샷 캡처 (감사용) | D7: (라우트 진입 + DOM 안정화) | E7: viewport 스크린샷 (full=false) | F7: screenshots/full/ 하위 .png 저장됨 (평문 시크릿 없음) | G7: safe | H7: auto | I7: PASS | L7: 2026-05-12 15:33:19 | M7: tools/ui_e2e/screenshots/full/AH_PROT_AdminDocUtilDocAgents.png
A8: AH-SP-050-docutil-doc-agents | B8: DocUtil 에이전트 | C8: BFF 데이터 로드 (DocUtil → AgentHub BFF) | D8: (admin 로그인) | E8: /admin/docutil-doc-agents 진입 | F8: DocUtil API 응답 또는 5xx 시 한국어 에러 토스트 | G8: safe | H8: auto | I8: PASS | K8: [라이브 라우트 결과 인용] AdminDocUtilDocAgents: PASS | L8: 2026-05-12 (인용)

Sheet AdminDocUtilDocumentsV2
A1: ID | B1: 화면 | C1: 인터랙션 | D1: 사전조건 | E1: 입력/액션 | F1: 기대 결과 | G1: 위험도 | H1: 자동화 | I1: 결과 | J1: 실측값 | K1: 비고 | L1: 검증일시 | M1: 스크린샷 경로
A2: AH-040-01 | B2: AdminDocUtilDocumentsV2 | C2: 화면 진입 (admin 세션) | D2: (admin 로그인) — public 라우트도 admin 세션 보유 상태에서 진입 | E2: GET /admin/docutil-documents-v2 | F2: HTTP 200 또는 클라이언트 라우팅 성공 + 페이지 마운트 (Vue/Next 컴포넌트 렌더) | G2: safe | H2: auto | I2: PASS | J2: DOM mounted=True | duration=1799ms | final=http://192.168.10.39:64005/admin/docutil-documents-v2 | L2: 2026-05-12 15:33:21 | M2: tools/ui_e2e/screenshots/full/AH_PROT_AdminDocUtilDocumentsV2.png
A3: AH-040-02 | B3: AdminDocUtilDocumentsV2 | C3: 권한 분기 (anonymous → /login 리다이렉트) | D3: (미로그인 + 새 컨텍스트) | E3: GET /admin/docutil-documents-v2 (token 없음) | F3: /login?redirect=... 또는 /landing 으로 리다이렉트 | G3: safe | H3: auto | I3: PASS | J3: final=http://192.168.10.39:64005/login?redirect=/admin/docutil-documents-v2 | K3: final=http://192.168.10.39:64005/login?redirect=/admin/docutil-documents-v2 | L3: 2026-05-12 15:40:00
A4: AH-040-03 | B4: AdminDocUtilDocumentsV2 | C4: DOM 마운트 + 주요 컨테이너 렌더 | D4: (라우트 진입 완료) | E4: DOM 로드 + 1초 대기 → console error 0건 + 핵심 selector 가시 | F4: console error 0건 (잘 알려진 외부 라이브러리 경고 제외), 핵심 컨테이너(main/main-layout/page-root) 렌더 | G4: safe | H4: auto | I4: PASS | L4: 2026-05-12 15:33:21
A5: AH-040-04 | B5: AdminDocUtilDocumentsV2 | C5: 페이지 진입 시 API 자동 호출 응답 확인 | D5: (라우트 진입 완료) | E5: network 모니터 — 첫 5초 내 발생한 /api 또는 /v1 호출 + 상태코드 수집 | F5: 관련 API 200 OK 또는 비-401 응답. 401 발생 시 권한 분기 케이스로 분류 | G5: safe | H5: auto | I5: PASS | L5: 2026-05-12 15:33:21
A6: AH-040-05 | B6: AdminDocUtilDocumentsV2 | C6: 사이드바 / 헤더 / 활성 메뉴 표시 | D6: (라우트 진입 완료) | E6: 선택된 메뉴 highlight + 현재 사용자(admin) 정보 표시 확인 | F6: 사이드바 노드 활성 클래스 + 사용자 아바타/이름 가시 | G6: safe | H6: auto | I6: PASS | L6: 2026-05-12 15:33:21
A7: AH-040-06 | B7: AdminDocUtilDocumentsV2 | C7: 스크린샷 캡처 (감사용) | D7: (라우트 진입 + DOM 안정화) | E7: viewport 스크린샷 (full=false) | F7: screenshots/full/ 하위 .png 저장됨 (평문 시크릿 없음) | G7: safe | H7: auto | I7: PASS | L7: 2026-05-12 15:33:21 | M7: tools/ui_e2e/screenshots/full/AH_PROT_AdminDocUtilDocumentsV2.png
A8: AH-SP-050-docutil-documents-v2 | B8: DocUtil 문서 V2 | C8: BFF 데이터 로드 (DocUtil → AgentHub BFF) | D8: (admin 로그인) | E8: /admin/docutil-documents-v2 진입 | F8: DocUtil API 응답 또는 5xx 시 한국어 에러 토스트 | G8: safe | H8: auto | I8: PASS | K8: [라이브 라우트 결과 인용] AdminDocUtilDocumentsV2: PASS | L8: 2026-05-12 (인용)

Sheet AdminDocUtilEvaluation
A1: ID | B1: 화면 | C1: 인터랙션 | D1: 사전조건 | E1: 입력/액션 | F1: 기대 결과 | G1: 위험도 | H1: 자동화 | I1: 결과 | J1: 실측값 | K1: 비고 | L1: 검증일시 | M1: 스크린샷 경로
A2: AH-034-01 | B2: AdminDocUtilEvaluation | C2: 화면 진입 (admin 세션) | D2: (admin 로그인) — public 라우트도 admin 세션 보유 상태에서 진입 | E2: GET /admin/docutil-evaluation | F2: HTTP 200 또는 클라이언트 라우팅 성공 + 페이지 마운트 (Vue/Next 컴포넌트 렌더) | G2: safe | H2: auto | I2: PASS | J2: DOM mounted=True | duration=1795ms | final=http://192.168.10.39:64005/admin/docutil-evaluation | L2: 2026-05-12 15:33:10 | M2: tools/ui_e2e/screenshots/full/AH_PROT_AdminDocUtilEvaluation.png
A3: AH-034-02 | B3: AdminDocUtilEvaluation | C3: 권한 분기 (anonymous → /login 리다이렉트) | D3: (미로그인 + 새 컨텍스트) | E3: GET /admin/docutil-evaluation (token 없음) | F3: /login?redirect=... 또는 /landing 으로 리다이렉트 | G3: safe | H3: auto | I3: PASS | J3: final=http://192.168.10.39:64005/login?redirect=/admin/docutil-evaluation | K3: final=http://192.168.10.39:64005/login?redirect=/admin/docutil-evaluation | L3: 2026-05-12 15:40:00
A4: AH-034-03 | B4: AdminDocUtilEvaluation | C4: DOM 마운트 + 주요 컨테이너 렌더 | D4: (라우트 진입 완료) | E4: DOM 로드 + 1초 대기 → console error 0건 + 핵심 selector 가시 | F4: console error 0건 (잘 알려진 외부 라이브러리 경고 제외), 핵심 컨테이너(main/main-layout/page-root) 렌더 | G4: safe | H4: auto | I4: PASS | L4: 2026-05-12 15:33:10
A5: AH-034-04 | B5: AdminDocUtilEvaluation | C5: 페이지 진입 시 API 자동 호출 응답 확인 | D5: (라우트 진입 완료) | E5: network 모니터 — 첫 5초 내 발생한 /api 또는 /v1 호출 + 상태코드 수집 | F5: 관련 API 200 OK 또는 비-401 응답. 401 발생 시 권한 분기 케이스로 분류 | G5: safe | H5: auto | I5: PASS | L5: 2026-05-12 15:33:10
A6: AH-034-05 | B6: AdminDocUtilEvaluation | C6: 사이드바 / 헤더 / 활성 메뉴 표시 | D6: (라우트 진입 완료) | E6: 선택된 메뉴 highlight + 현재 사용자(admin) 정보 표시 확인 | F6: 사이드바 노드 활성 클래스 + 사용자 아바타/이름 가시 | G6: safe | H6: auto | I6: PASS | L6: 2026-05-12 15:33:10
A7: AH-034-06 | B7: AdminDocUtilEvaluation | C7: 스크린샷 캡처 (감사용) | D7: (라우트 진입 + DOM 안정화) | E7: viewport 스크린샷 (full=false) | F7: screenshots/full/ 하위 .png 저장됨 (평문 시크릿 없음) | G7: safe | H7: auto | I7: PASS | L7: 2026-05-12 15:33:10 | M7: tools/ui_e2e/screenshots/full/AH_PROT_AdminDocUtilEvaluation.png
A8: AH-SP-050-docutil-evaluation | B8: DocUtil 평가 | C8: BFF 데이터 로드 (DocUtil → AgentHub BFF) | D8: (admin 로그인) | E8: /admin/docutil-evaluation 진입 | F8: DocUtil API 응답 또는 5xx 시 한국어 에러 토스트 | G8: safe | H8: auto | I8: PASS | K8: [라이브 라우트 결과 인용] AdminDocUtilEvaluation: PASS | L8: 2026-05-12 (인용)

Sheet AdminDocUtilFaq
A1: ID | B1: 화면 | C1: 인터랙션 | D1: 사전조건 | E1: 입력/액션 | F1: 기대 결과 | G1: 위험도 | H1: 자동화 | I1: 결과 | J1: 실측값 | K1: 비고 | L1: 검증일시 | M1: 스크린샷 경로
A2: AH-035-01 | B2: AdminDocUtilFaq | C2: 화면 진입 (admin 세션) | D2: (admin 로그인) — public 라우트도 admin 세션 보유 상태에서 진입 | E2: GET /admin/docutil-faq | F2: HTTP 200 또는 클라이언트 라우팅 성공 + 페이지 마운트 (Vue/Next 컴포넌트 렌더) | G2: safe | H2: auto | I2: PASS | J2: DOM mounted=True | duration=1780ms | final=http://192.168.10.39:64005/admin/docutil-faq | L2: 2026-05-12 15:33:12 | M2: tools/ui_e2e/screenshots/full/AH_PROT_AdminDocUtilFaq.png
A3: AH-035-02 | B3: AdminDocUtilFaq | C3: 권한 분기 (anonymous → /login 리다이렉트) | D3: (미로그인 + 새 컨텍스트) | E3: GET /admin/docutil-faq (token 없음) | F3: /login?redirect=... 또는 /landing 으로 리다이렉트 | G3: safe | H3: auto | I3: PASS | J3: final=http://192.168.10.39:64005/login?redirect=/admin/docutil-faq | K3: final=http://192.168.10.39:64005/login?redirect=/admin/docutil-faq | L3: 2026-05-12 15:40:00
A4: AH-035-03 | B4: AdminDocUtilFaq | C4: DOM 마운트 + 주요 컨테이너 렌더 | D4: (라우트 진입 완료) | E4: DOM 로드 + 1초 대기 → console error 0건 + 핵심 selector 가시 | F4: console error 0건 (잘 알려진 외부 라이브러리 경고 제외), 핵심 컨테이너(main/main-layout/page-root) 렌더 | G4: safe | H4: auto | I4: PASS | L4: 2026-05-12 15:33:12
A5: AH-035-04 | B5: AdminDocUtilFaq | C5: 페이지 진입 시 API 자동 호출 응답 확인 | D5: (라우트 진입 완료) | E5: network 모니터 — 첫 5초 내 발생한 /api 또는 /v1 호출 + 상태코드 수집 | F5: 관련 API 200 OK 또는 비-401 응답. 401 발생 시 권한 분기 케이스로 분류 | G5: safe | H5: auto | I5: PASS | L5: 2026-05-12 15:33:12
A6: AH-035-05 | B6: AdminDocUtilFaq | C6: 사이드바 / 헤더 / 활성 메뉴 표시 | D6: (라우트 진입 완료) | E6: 선택된 메뉴 highlight + 현재 사용자(admin) 정보 표시 확인 | F6: 사이드바 노드 활성 클래스 + 사용자 아바타/이름 가시 | G6: safe | H6: auto | I6: PASS | L6: 2026-05-12 15:33:12
A7: AH-035-06 | B7: AdminDocUtilFaq | C7: 스크린샷 캡처 (감사용) | D7: (라우트 진입 + DOM 안정화) | E7: viewport 스크린샷 (full=false) | F7: screenshots/full/ 하위 .png 저장됨 (평문 시크릿 없음) | G7: safe | H7: auto | I7: PASS | L7: 2026-05-12 15:33:12 | M7: tools/ui_e2e/screenshots/full/AH_PROT_AdminDocUtilFaq.png
A8: AH-SP-050-docutil-faq | B8: DocUtil FAQ | C8: BFF 데이터 로드 (DocUtil → AgentHub BFF) | D8: (admin 로그인) | E8: /admin/docutil-faq 진입 | F8: DocUtil API 응답 또는 5xx 시 한국어 에러 토스트 | G8: safe | H8: auto | I8: PASS | K8: [라이브 라우트 결과 인용] AdminDocUtilFaq: PASS | L8: 2026-05-12 (인용)

Sheet AdminDocUtilProjects
A1: ID | B1: 화면 | C1: 인터랙션 | D1: 사전조건 | E1: 입력/액션 | F1: 기대 결과 | G1: 위험도 | H1: 자동화 | I1: 결과 | J1: 실측값 | K1: 비고 | L1: 검증일시 | M1: 스크린샷 경로
A2: AH-030-01 | B2: AdminDocUtilProjects | C2: 화면 진입 (admin 세션) | D2: (admin 로그인) — public 라우트도 admin 세션 보유 상태에서 진입 | E2: GET /admin/docutil-projects | F2: HTTP 200 또는 클라이언트 라우팅 성공 + 페이지 마운트 (Vue/Next 컴포넌트 렌더) | G2: safe | H2: auto | I2: PASS | J2: DOM mounted=True | duration=1779ms | final=http://192.168.10.39:64005/admin/docutil-projects | L2: 2026-05-12 15:33:03 | M2: tools/ui_e2e/screenshots/full/AH_PROT_AdminDocUtilProjects.png
A3: AH-030-02 | B3: AdminDocUtilProjects | C3: 권한 분기 (anonymous → /login 리다이렉트) | D3: (미로그인 + 새 컨텍스트) | E3: GET /admin/docutil-projects (token 없음) | F3: /login?redirect=... 또는 /landing 으로 리다이렉트 | G3: safe | H3: auto | I3: PASS | J3: final=http://192.168.10.39:64005/login?redirect=/admin/docutil-projects | K3: final=http://192.168.10.39:64005/login?redirect=/admin/docutil-projects | L3: 2026-05-12 15:40:00
A4: AH-030-03 | B4: AdminDocUtilProjects | C4: DOM 마운트 + 주요 컨테이너 렌더 | D4: (라우트 진입 완료) | E4: DOM 로드 + 1초 대기 → console error 0건 + 핵심 selector 가시 | F4: console error 0건 (잘 알려진 외부 라이브러리 경고 제외), 핵심 컨테이너(main/main-layout/page-root) 렌더 | G4: safe | H4: auto | I4: PASS | L4: 2026-05-12 15:33:03
A5: AH-030-04 | B5: AdminDocUtilProjects | C5: 페이지 진입 시 API 자동 호출 응답 확인 | D5: (라우트 진입 완료) | E5: network 모니터 — 첫 5초 내 발생한 /api 또는 /v1 호출 + 상태코드 수집 | F5: 관련 API 200 OK 또는 비-401 응답. 401 발생 시 권한 분기 케이스로 분류 | G5: safe | H5: auto | I5: PASS | L5: 2026-05-12 15:33:03
A6: AH-030-05 | B6: AdminDocUtilProjects | C6: 사이드바 / 헤더 / 활성 메뉴 표시 | D6: (라우트 진입 완료) | E6: 선택된 메뉴 highlight + 현재 사용자(admin) 정보 표시 확인 | F6: 사이드바 노드 활성 클래스 + 사용자 아바타/이름 가시 | G6: safe | H6: auto | I6: PASS | L6: 2026-05-12 15:33:03
A7: AH-030-06 | B7: AdminDocUtilProjects | C7: 스크린샷 캡처 (감사용) | D7: (라우트 진입 + DOM 안정화) | E7: viewport 스크린샷 (full=false) | F7: screenshots/full/ 하위 .png 저장됨 (평문 시크릿 없음) | G7: safe | H7: auto | I7: PASS | L7: 2026-05-12 15:33:03 | M7: tools/ui_e2e/screenshots/full/AH_PROT_AdminDocUtilProjects.png
A8: AH-SP-050-docutil-projects | B8: DocUtil 프로젝트 | C8: BFF 데이터 로드 (DocUtil → AgentHub BFF) | D8: (admin 로그인) | E8: /admin/docutil-projects 진입 | F8: DocUtil API 응답 또는 5xx 시 한국어 에러 토스트 | G8: safe | H8: auto | I8: PASS | K8: [라이브 라우트 결과 인용] AdminDocUtilProjects: PASS | L8: 2026-05-12 (인용)

Sheet AdminDocUtilReports
A1: ID | B1: 화면 | C1: 인터랙션 | D1: 사전조건 | E1: 입력/액션 | F1: 기대 결과 | G1: 위험도 | H1: 자동화 | I1: 결과 | J1: 실측값 | K1: 비고 | L1: 검증일시 | M1: 스크린샷 경로
A2: AH-036-01 | B2: AdminDocUtilReports | C2: 화면 진입 (admin 세션) | D2: (admin 로그인) — public 라우트도 admin 세션 보유 상태에서 진입 | E2: GET /admin/docutil-reports | F2: HTTP 200 또는 클라이언트 라우팅 성공 + 페이지 마운트 (Vue/Next 컴포넌트 렌더) | G2: safe | H2: auto | I2: PASS | J2: DOM mounted=True | duration=1799ms | final=http://192.168.10.39:64005/admin/docutil-reports | L2: 2026-05-12 15:33:13 | M2: tools/ui_e2e/screenshots/full/AH_PROT_AdminDocUtilReports.png
A3: AH-036-02 | B3: AdminDocUtilReports | C3: 권한 분기 (anonymous → /login 리다이렉트) | D3: (미로그인 + 새 컨텍스트) | E3: GET /admin/docutil-reports (token 없음) | F3: /login?redirect=... 또는 /landing 으로 리다이렉트 | G3: safe | H3: auto | I3: PASS | J3: final=http://192.168.10.39:64005/login?redirect=/admin/docutil-reports | K3: final=http://192.168.10.39:64005/login?redirect=/admin/docutil-reports | L3: 2026-05-12 15:40:00
A4: AH-036-03 | B4: AdminDocUtilReports | C4: DOM 마운트 + 주요 컨테이너 렌더 | D4: (라우트 진입 완료) | E4: DOM 로드 + 1초 대기 → console error 0건 + 핵심 selector 가시 | F4: console error 0건 (잘 알려진 외부 라이브러리 경고 제외), 핵심 컨테이너(main/main-layout/page-root) 렌더 | G4: safe | H4: auto | I4: PASS | L4: 2026-05-12 15:33:13
A5: AH-036-04 | B5: AdminDocUtilReports | C5: 페이지 진입 시 API 자동 호출 응답 확인 | D5: (라우트 진입 완료) | E5: network 모니터 — 첫 5초 내 발생한 /api 또는 /v1 호출 + 상태코드 수집 | F5: 관련 API 200 OK 또는 비-401 응답. 401 발생 시 권한 분기 케이스로 분류 | G5: safe | H5: auto | I5: PASS | L5: 2026-05-12 15:33:13
A6: AH-036-05 | B6: AdminDocUtilReports | C6: 사이드바 / 헤더 / 활성 메뉴 표시 | D6: (라우트 진입 완료) | E6: 선택된 메뉴 highlight + 현재 사용자(admin) 정보 표시 확인 | F6: 사이드바 노드 활성 클래스 + 사용자 아바타/이름 가시 | G6: safe | H6: auto | I6: PASS | L6: 2026-05-12 15:33:13
A7: AH-036-06 | B7: AdminDocUtilReports | C7: 스크린샷 캡처 (감사용) | D7: (라우트 진입 + DOM 안정화) | E7: viewport 스크린샷 (full=false) | F7: screenshots/full/ 하위 .png 저장됨 (평문 시크릿 없음) | G7: safe | H7: auto | I7: PASS | L7: 2026-05-12 15:33:13 | M7: tools/ui_e2e/screenshots/full/AH_PROT_AdminDocUtilReports.png
A8: AH-SP-050-docutil-reports | B8: DocUtil 보고서 | C8: BFF 데이터 로드 (DocUtil → AgentHub BFF) | D8: (admin 로그인) | E8: /admin/docutil-reports 진입 | F8: DocUtil API 응답 또는 5xx 시 한국어 에러 토스트 | G8: safe | H8: auto | I8: PASS | K8: [라이브 라우트 결과 인용] AdminDocUtilReports: PASS | L8: 2026-05-12 (인용)

Sheet AdminDocUtilSearchScopes
A1: ID | B1: 화면 | C1: 인터랙션 | D1: 사전조건 | E1: 입력/액션 | F1: 기대 결과 | G1: 위험도 | H1: 자동화 | I1: 결과 | J1: 실측값 | K1: 비고 | L1: 검증일시 | M1: 스크린샷 경로
A2: AH-033-01 | B2: AdminDocUtilSearchScopes | C2: 화면 진입 (admin 세션) | D2: (admin 로그인) — public 라우트도 admin 세션 보유 상태에서 진입 | E2: GET /admin/docutil-search-scopes | F2: HTTP 200 또는 클라이언트 라우팅 성공 + 페이지 마운트 (Vue/Next 컴포넌트 렌더) | G2: safe | H2: auto | I2: PASS | J2: DOM mounted=True | duration=1782ms | final=http://192.168.10.39:64005/admin/docutil-search-scopes | L2: 2026-05-12 15:33:08 | M2: tools/ui_e2e/screenshots/full/AH_PROT_AdminDocUtilSearchScopes.png
A3: AH-033-02 | B3: AdminDocUtilSearchScopes | C3: 권한 분기 (anonymous → /login 리다이렉트) | D3: (미로그인 + 새 컨텍스트) | E3: GET /admin/docutil-search-scopes (token 없음) | F3: /login?redirect=... 또는 /landing 으로 리다이렉트 | G3: safe | H3: auto | I3: PASS | J3: final=http://192.168.10.39:64005/login?redirect=/admin/docutil-search-scopes | K3: final=http://192.168.10.39:64005/login?redirect=/admin/docutil-search-scopes | L3: 2026-05-12 15:40:00
A4: AH-033-03 | B4: AdminDocUtilSearchScopes | C4: DOM 마운트 + 주요 컨테이너 렌더 | D4: (라우트 진입 완료) | E4: DOM 로드 + 1초 대기 → console error 0건 + 핵심 selector 가시 | F4: console error 0건 (잘 알려진 외부 라이브러리 경고 제외), 핵심 컨테이너(main/main-layout/page-root) 렌더 | G4: safe | H4: auto | I4: PASS | L4: 2026-05-12 15:33:08
A5: AH-033-04 | B5: AdminDocUtilSearchScopes | C5: 페이지 진입 시 API 자동 호출 응답 확인 | D5: (라우트 진입 완료) | E5: network 모니터 — 첫 5초 내 발생한 /api 또는 /v1 호출 + 상태코드 수집 | F5: 관련 API 200 OK 또는 비-401 응답. 401 발생 시 권한 분기 케이스로 분류 | G5: safe | H5: auto | I5: PASS | L5: 2026-05-12 15:33:08
A6: AH-033-05 | B6: AdminDocUtilSearchScopes | C6: 사이드바 / 헤더 / 활성 메뉴 표시 | D6: (라우트 진입 완료) | E6: 선택된 메뉴 highlight + 현재 사용자(admin) 정보 표시 확인 | F6: 사이드바 노드 활성 클래스 + 사용자 아바타/이름 가시 | G6: safe | H6: auto | I6: PASS | L6: 2026-05-12 15:33:08
A7: AH-033-06 | B7: AdminDocUtilSearchScopes | C7: 스크린샷 캡처 (감사용) | D7: (라우트 진입 + DOM 안정화) | E7: viewport 스크린샷 (full=false) | F7: screenshots/full/ 하위 .png 저장됨 (평문 시크릿 없음) | G7: safe | H7: auto | I7: PASS | L7: 2026-05-12 15:33:08 | M7: tools/ui_e2e/screenshots/full/AH_PROT_AdminDocUtilSearchScopes.png
A8: AH-SP-050-docutil-search-scopes | B8: DocUtil 검색범위 | C8: BFF 데이터 로드 (DocUtil → AgentHub BFF) | D8: (admin 로그인) | E8: /admin/docutil-search-scopes 진입 | F8: DocUtil API 응답 또는 5xx 시 한국어 에러 토스트 | G8: safe | H8: auto | I8: PASS | K8: [라이브 라우트 결과 인용] AdminDocUtilSearchScopes: PASS | L8: 2026-05-12 (인용)

Sheet AdminDocUtilTemplates
A1: ID | B1: 화면 | C1: 인터랙션 | D1: 사전조건 | E1: 입력/액션 | F1: 기대 결과 | G1: 위험도 | H1: 자동화 | I1: 결과 | J1: 실측값 | K1: 비고 | L1: 검증일시 | M1: 스크린샷 경로
A2: AH-037-01 | B2: AdminDocUtilTemplates | C2: 화면 진입 (admin 세션) | D2: (admin 로그인) — public 라우트도 admin 세션 보유 상태에서 진입 | E2: GET /admin/docutil-templates | F2: HTTP 200 또는 클라이언트 라우팅 성공 + 페이지 마운트 (Vue/Next 컴포넌트 렌더) | G2: safe | H2: auto | I2: PASS | J2: DOM mounted=True | duration=1800ms | final=http://192.168.10.39:64005/admin/docutil-templates | L2: 2026-05-12 15:33:15 | M2: tools/ui_e2e/screenshots/full/AH_PROT_AdminDocUtilTemplates.png
A3: AH-037-02 | B3: AdminDocUtilTemplates | C3: 권한 분기 (anonymous → /login 리다이렉트) | D3: (미로그인 + 새 컨텍스트) | E3: GET /admin/docutil-templates (token 없음) | F3: /login?redirect=... 또는 /landing 으로 리다이렉트 | G3: safe | H3: auto | I3: PASS | J3: final=http://192.168.10.39:64005/login?redirect=/admin/docutil-templates | K3: final=http://192.168.10.39:64005/login?redirect=/admin/docutil-templates | L3: 2026-05-12 15:40:00
A4: AH-037-03 | B4: AdminDocUtilTemplates | C4: DOM 마운트 + 주요 컨테이너 렌더 | D4: (라우트 진입 완료) | E4: DOM 로드 + 1초 대기 → console error 0건 + 핵심 selector 가시 | F4: console error 0건 (잘 알려진 외부 라이브러리 경고 제외), 핵심 컨테이너(main/main-layout/page-root) 렌더 | G4: safe | H4: auto | I4: PASS | L4: 2026-05-12 15:33:15
A5: AH-037-04 | B5: AdminDocUtilTemplates | C5: 페이지 진입 시 API 자동 호출 응답 확인 | D5: (라우트 진입 완료) | E5: network 모니터 — 첫 5초 내 발생한 /api 또는 /v1 호출 + 상태코드 수집 | F5: 관련 API 200 OK 또는 비-401 응답. 401 발생 시 권한 분기 케이스로 분류 | G5: safe | H5: auto | I5: PASS | L5: 2026-05-12 15:33:15
A6: AH-037-05 | B6: AdminDocUtilTemplates | C6: 사이드바 / 헤더 / 활성 메뉴 표시 | D6: (라우트 진입 완료) | E6: 선택된 메뉴 highlight + 현재 사용자(admin) 정보 표시 확인 | F6: 사이드바 노드 활성 클래스 + 사용자 아바타/이름 가시 | G6: safe | H6: auto | I6: PASS | L6: 2026-05-12 15:33:15
A7: AH-037-06 | B7: AdminDocUtilTemplates | C7: 스크린샷 캡처 (감사용) | D7: (라우트 진입 + DOM 안정화) | E7: viewport 스크린샷 (full=false) | F7: screenshots/full/ 하위 .png 저장됨 (평문 시크릿 없음) | G7: safe | H7: auto | I7: PASS | L7: 2026-05-12 15:33:15 | M7: tools/ui_e2e/screenshots/full/AH_PROT_AdminDocUtilTemplates.png
A8: AH-SP-050-docutil-templates | B8: DocUtil 템플릿 | C8: BFF 데이터 로드 (DocUtil → AgentHub BFF) | D8: (admin 로그인) | E8: /admin/docutil-templates 진입 | F8: DocUtil API 응답 또는 5xx 시 한국어 에러 토스트 | G8: safe | H8: auto | I8: PASS | K8: [라이브 라우트 결과 인용] AdminDocUtilTemplates: PASS | L8: 2026-05-12 (인용)

Sheet AdminDocUtilUsers
A1: ID | B1: 화면 | C1: 인터랙션 | D1: 사전조건 | E1: 입력/액션 | F1: 기대 결과 | G1: 위험도 | H1: 자동화 | I1: 결과 | J1: 실측값 | K1: 비고 | L1: 검증일시 | M1: 스크린샷 경로
A2: AH-028-01 | B2: AdminDocUtilUsers | C2: 화면 진입 (admin 세션) | D2: (admin 로그인) — public 라우트도 admin 세션 보유 상태에서 진입 | E2: GET /admin/docutil-users | F2: HTTP 200 또는 클라이언트 라우팅 성공 + 페이지 마운트 (Vue/Next 컴포넌트 렌더) | G2: safe | H2: auto | I2: PASS | J2: DOM mounted=True | duration=1802ms | final=http://192.168.10.39:64005/admin/docutil-users | L2: 2026-05-12 15:32:59 | M2: tools/ui_e2e/screenshots/full/AH_PROT_AdminDocUtilUsers.png
A3: AH-028-02 | B3: AdminDocUtilUsers | C3: 권한 분기 (anonymous → /login 리다이렉트) | D3: (미로그인 + 새 컨텍스트) | E3: GET /admin/docutil-users (token 없음) | F3: /login?redirect=... 또는 /landing 으로 리다이렉트 | G3: safe | H3: auto | I3: PASS | J3: final=http://192.168.10.39:64005/login?redirect=/admin/docutil-users | K3: final=http://192.168.10.39:64005/login?redirect=/admin/docutil-users | L3: 2026-05-12 15:40:00
A4: AH-028-03 | B4: AdminDocUtilUsers | C4: DOM 마운트 + 주요 컨테이너 렌더 | D4: (라우트 진입 완료) | E4: DOM 로드 + 1초 대기 → console error 0건 + 핵심 selector 가시 | F4: console error 0건 (잘 알려진 외부 라이브러리 경고 제외), 핵심 컨테이너(main/main-layout/page-root) 렌더 | G4: safe | H4: auto | I4: PASS | L4: 2026-05-12 15:32:59
A5: AH-028-04 | B5: AdminDocUtilUsers | C5: 페이지 진입 시 API 자동 호출 응답 확인 | D5: (라우트 진입 완료) | E5: network 모니터 — 첫 5초 내 발생한 /api 또는 /v1 호출 + 상태코드 수집 | F5: 관련 API 200 OK 또는 비-401 응답. 401 발생 시 권한 분기 케이스로 분류 | G5: safe | H5: auto | I5: PASS | L5: 2026-05-12 15:32:59
A6: AH-028-05 | B6: AdminDocUtilUsers | C6: 사이드바 / 헤더 / 활성 메뉴 표시 | D6: (라우트 진입 완료) | E6: 선택된 메뉴 highlight + 현재 사용자(admin) 정보 표시 확인 | F6: 사이드바 노드 활성 클래스 + 사용자 아바타/이름 가시 | G6: safe | H6: auto | I6: PASS | L6: 2026-05-12 15:32:59
A7: AH-028-06 | B7: AdminDocUtilUsers | C7: 스크린샷 캡처 (감사용) | D7: (라우트 진입 + DOM 안정화) | E7: viewport 스크린샷 (full=false) | F7: screenshots/full/ 하위 .png 저장됨 (평문 시크릿 없음) | G7: safe | H7: auto | I7: PASS | L7: 2026-05-12 15:32:59 | M7: tools/ui_e2e/screenshots/full/AH_PROT_AdminDocUtilUsers.png
A8: AH-SP-050-docutil-users | B8: DocUtil 사용자 | C8: BFF 데이터 로드 (DocUtil → AgentHub BFF) | D8: (admin 로그인) | E8: /admin/docutil-users 진입 | F8: DocUtil API 응답 또는 5xx 시 한국어 에러 토스트 | G8: safe | H8: auto | I8: PASS | K8: [라이브 라우트 결과 인용] AdminDocUtilUsers: PASS | L8: 2026-05-12 (인용)

Sheet AdminKnowledgeBase
A1: ID | B1: 화면 | C1: 인터랙션 | D1: 사전조건 | E1: 입력/액션 | F1: 기대 결과 | G1: 위험도 | H1: 자동화 | I1: 결과 | J1: 실측값 | K1: 비고 | L1: 검증일시 | M1: 스크린샷 경로
A2: AH-025-01 | B2: AdminKnowledgeBase | C2: 화면 진입 (admin 세션) | D2: (admin 로그인) — public 라우트도 admin 세션 보유 상태에서 진입 | E2: GET /admin/knowledge-base | F2: HTTP 200 또는 클라이언트 라우팅 성공 + 페이지 마운트 (Vue/Next 컴포넌트 렌더) | G2: safe | H2: auto | I2: PASS | J2: DOM mounted=True | duration=1822ms | final=http://192.168.10.39:64005/admin/knowledge-base | L2: 2026-05-12 15:32:54 | M2: tools/ui_e2e/screenshots/full/AH_PROT_AdminKnowledgeBase.png
A3: AH-025-02 | B3: AdminKnowledgeBase | C3: 권한 분기 (anonymous → /login 리다이렉트) | D3: (미로그인 + 새 컨텍스트) | E3: GET /admin/knowledge-base (token 없음) | F3: /login?redirect=... 또는 /landing 으로 리다이렉트 | G3: safe | H3: auto | I3: PASS | J3: final=http://192.168.10.39:64005/login?redirect=/admin/knowledge-base (redirected to http://192.168.10.39:64005/login?redirect=/admin/knowledge-base) | L3: 2026-05-12 15:34:01
A4: AH-025-03 | B4: AdminKnowledgeBase | C4: DOM 마운트 + 주요 컨테이너 렌더 | D4: (라우트 진입 완료) | E4: DOM 로드 + 1초 대기 → console error 0건 + 핵심 selector 가시 | F4: console error 0건 (잘 알려진 외부 라이브러리 경고 제외), 핵심 컨테이너(main/main-layout/page-root) 렌더 | G4: safe | H4: auto | I4: PASS | L4: 2026-05-12 15:32:54
A5: AH-025-04 | B5: AdminKnowledgeBase | C5: 페이지 진입 시 API 자동 호출 응답 확인 | D5: (라우트 진입 완료) | E5: network 모니터 — 첫 5초 내 발생한 /api 또는 /v1 호출 + 상태코드 수집 | F5: 관련 API 200 OK 또는 비-401 응답. 401 발생 시 권한 분기 케이스로 분류 | G5: safe | H5: auto | I5: PASS | L5: 2026-05-12 15:32:54
A6: AH-025-05 | B6: AdminKnowledgeBase | C6: 사이드바 / 헤더 / 활성 메뉴 표시 | D6: (라우트 진입 완료) | E6: 선택된 메뉴 highlight + 현재 사용자(admin) 정보 표시 확인 | F6: 사이드바 노드 활성 클래스 + 사용자 아바타/이름 가시 | G6: safe | H6: auto | I6: PASS | L6: 2026-05-12 15:32:54
A7: AH-025-06 | B7: AdminKnowledgeBase | C7: 스크린샷 캡처 (감사용) | D7: (라우트 진입 + DOM 안정화) | E7: viewport 스크린샷 (full=false) | F7: screenshots/full/ 하위 .png 저장됨 (평문 시크릿 없음) | G7: safe | H7: auto | I7: PASS | L7: 2026-05-12 15:32:54 | M7: tools/ui_e2e/screenshots/full/AH_PROT_AdminKnowledgeBase.png
A8: AH-SP-040 | B8: 운영자 KB | C8: KB 컬렉션 목록 로드 (DocUtil BFF) | D8: (admin 로그인) | E8: /admin/knowledge-base 진입 | F8: DocUtil collections 목록 표시 또는 빈 상태 UI | G8: safe | H8: auto | I8: PASS | K8: [라이브 라우트 결과 인용] AdminKnowledgeBase: PASS | L8: 2026-05-12 (인용)

Sheet AdminKnowledgeBaseUpload
A1: ID | B1: 화면 | C1: 인터랙션 | D1: 사전조건 | E1: 입력/액션 | F1: 기대 결과 | G1: 위험도 | H1: 자동화 | I1: 결과 | J1: 실측값 | K1: 비고 | L1: 검증일시 | M1: 스크린샷 경로
A2: AH-026-01 | B2: AdminKnowledgeBaseUpload | C2: 화면 진입 (admin 세션) | D2: (admin 로그인) — public 라우트도 admin 세션 보유 상태에서 진입 | E2: GET /admin/knowledge-base/upload | F2: HTTP 200 또는 클라이언트 라우팅 성공 + 페이지 마운트 (Vue/Next 컴포넌트 렌더) | G2: safe | H2: auto | I2: PASS | J2: DOM mounted=True | duration=1791ms | final=http://192.168.10.39:64005/admin/knowledge-base/upload | L2: 2026-05-12 15:32:56 | M2: tools/ui_e2e/screenshots/full/AH_PROT_AdminKnowledgeBaseUpload.png
A3: AH-026-02 | B3: AdminKnowledgeBaseUpload | C3: 권한 분기 (anonymous → /login 리다이렉트) | D3: (미로그인 + 새 컨텍스트) | E3: GET /admin/knowledge-base/upload (token 없음) | F3: /login?redirect=... 또는 /landing 으로 리다이렉트 | G3: safe | H3: auto | I3: PASS | J3: final=http://192.168.10.39:64005/login?redirect=/admin/knowledge-base/upload | K3: final=http://192.168.10.39:64005/login?redirect=/admin/knowledge-base/upload | L3: 2026-05-12 15:40:00
A4: AH-026-03 | B4: AdminKnowledgeBaseUpload | C4: DOM 마운트 + 주요 컨테이너 렌더 | D4: (라우트 진입 완료) | E4: DOM 로드 + 1초 대기 → console error 0건 + 핵심 selector 가시 | F4: console error 0건 (잘 알려진 외부 라이브러리 경고 제외), 핵심 컨테이너(main/main-layout/page-root) 렌더 | G4: safe | H4: auto | I4: PASS | L4: 2026-05-12 15:32:56
A5: AH-026-04 | B5: AdminKnowledgeBaseUpload | C5: 페이지 진입 시 API 자동 호출 응답 확인 | D5: (라우트 진입 완료) | E5: network 모니터 — 첫 5초 내 발생한 /api 또는 /v1 호출 + 상태코드 수집 | F5: 관련 API 200 OK 또는 비-401 응답. 401 발생 시 권한 분기 케이스로 분류 | G5: safe | H5: auto | I5: PASS | L5: 2026-05-12 15:32:56
A6: AH-026-05 | B6: AdminKnowledgeBaseUpload | C6: 사이드바 / 헤더 / 활성 메뉴 표시 | D6: (라우트 진입 완료) | E6: 선택된 메뉴 highlight + 현재 사용자(admin) 정보 표시 확인 | F6: 사이드바 노드 활성 클래스 + 사용자 아바타/이름 가시 | G6: safe | H6: auto | I6: PASS | L6: 2026-05-12 15:32:56
A7: AH-026-06 | B7: AdminKnowledgeBaseUpload | C7: 스크린샷 캡처 (감사용) | D7: (라우트 진입 + DOM 안정화) | E7: viewport 스크린샷 (full=false) | F7: screenshots/full/ 하위 .png 저장됨 (평문 시크릿 없음) | G7: safe | H7: auto | I7: PASS | L7: 2026-05-12 15:32:56 | M7: tools/ui_e2e/screenshots/full/AH_PROT_AdminKnowledgeBaseUpload.png

Sheet AdminRagMetrics
A1: ID | B1: 화면 | C1: 인터랙션 | D1: 사전조건 | E1: 입력/액션 | F1: 기대 결과 | G1: 위험도 | H1: 자동화 | I1: 결과 | J1: 실측값 | K1: 비고 | L1: 검증일시 | M1: 스크린샷 경로
A2: AH-027-01 | B2: AdminRagMetrics | C2: 화면 진입 (admin 세션) | D2: (admin 로그인) — public 라우트도 admin 세션 보유 상태에서 진입 | E2: GET /admin/rag-metrics | F2: HTTP 200 또는 클라이언트 라우팅 성공 + 페이지 마운트 (Vue/Next 컴포넌트 렌더) | G2: safe | H2: auto | I2: PASS | J2: DOM mounted=True | duration=1784ms | final=http://192.168.10.39:64005/admin/rag-metrics | L2: 2026-05-12 15:32:57 | M2: tools/ui_e2e/screenshots/full/AH_PROT_AdminRagMetrics.png
A3: AH-027-02 | B3: AdminRagMetrics | C3: 권한 분기 (anonymous → /login 리다이렉트) | D3: (미로그인 + 새 컨텍스트) | E3: GET /admin/rag-metrics (token 없음) | F3: /login?redirect=... 또는 /landing 으로 리다이렉트 | G3: safe | H3: auto | I3: PASS | J3: final=http://192.168.10.39:64005/login?redirect=/admin/rag-metrics | K3: final=http://192.168.10.39:64005/login?redirect=/admin/rag-metrics | L3: 2026-05-12 15:40:00
A4: AH-027-03 | B4: AdminRagMetrics | C4: DOM 마운트 + 주요 컨테이너 렌더 | D4: (라우트 진입 완료) | E4: DOM 로드 + 1초 대기 → console error 0건 + 핵심 selector 가시 | F4: console error 0건 (잘 알려진 외부 라이브러리 경고 제외), 핵심 컨테이너(main/main-layout/page-root) 렌더 | G4: safe | H4: auto | I4: PASS | L4: 2026-05-12 15:32:57
A5: AH-027-04 | B5: AdminRagMetrics | C5: 페이지 진입 시 API 자동 호출 응답 확인 | D5: (라우트 진입 완료) | E5: network 모니터 — 첫 5초 내 발생한 /api 또는 /v1 호출 + 상태코드 수집 | F5: 관련 API 200 OK 또는 비-401 응답. 401 발생 시 권한 분기 케이스로 분류 | G5: safe | H5: auto | I5: PASS | L5: 2026-05-12 15:32:57
A6: AH-027-05 | B6: AdminRagMetrics | C6: 사이드바 / 헤더 / 활성 메뉴 표시 | D6: (라우트 진입 완료) | E6: 선택된 메뉴 highlight + 현재 사용자(admin) 정보 표시 확인 | F6: 사이드바 노드 활성 클래스 + 사용자 아바타/이름 가시 | G6: safe | H6: auto | I6: PASS | L6: 2026-05-12 15:32:57
A7: AH-027-06 | B7: AdminRagMetrics | C7: 스크린샷 캡처 (감사용) | D7: (라우트 진입 + DOM 안정화) | E7: viewport 스크린샷 (full=false) | F7: screenshots/full/ 하위 .png 저장됨 (평문 시크릿 없음) | G7: safe | H7: auto | I7: PASS | L7: 2026-05-12 15:32:57 | M7: tools/ui_e2e/screenshots/full/AH_PROT_AdminRagMetrics.png
A8: AH-SP-041 | B8: RAG 메트릭 | C8: RAG 메트릭 차트 표시 | D8: (admin 로그인) | E8: /admin/rag-metrics 진입 | F8: 메트릭 차트/표 렌더 | G8: safe | H8: auto | I8: PASS | K8: [라이브 라우트 결과 인용] AdminRagMetrics: PASS | L8: 2026-05-12 (인용)

Sheet AgentBuilder
A1: ID | B1: 화면 | C1: 인터랙션 | D1: 사전조건 | E1: 입력/액션 | F1: 기대 결과 | G1: 위험도 | H1: 자동화 | I1: 결과 | J1: 실측값 | K1: 비고 | L1: 검증일시 | M1: 스크린샷 경로
A2: AH-015-01 | B2: AgentBuilder | C2: 화면 진입 (admin 세션) | D2: (admin 로그인) — public 라우트도 admin 세션 보유 상태에서 진입 | E2: GET /agents/builder | F2: HTTP 200 또는 클라이언트 라우팅 성공 + 페이지 마운트 (Vue/Next 컴포넌트 렌더) | G2: safe | H2: auto | I2: PASS | J2: DOM mounted=True | duration=1801ms | final=http://192.168.10.39:64005/agents/builder | L2: 2026-05-12 15:32:36 | M2: tools/ui_e2e/screenshots/full/AH_PROT_AgentBuilder.png
A3: AH-015-02 | B3: AgentBuilder | C3: 권한 분기 (anonymous → /login 리다이렉트) | D3: (미로그인 + 새 컨텍스트) | E3: GET /agents/builder (token 없음) | F3: /login?redirect=... 또는 /landing 으로 리다이렉트 | G3: safe | H3: auto | I3: PASS | J3: final=http://192.168.10.39:64005/login?redirect=/agents/builder | K3: final=http://192.168.10.39:64005/login?redirect=/agents/builder | L3: 2026-05-12 15:40:00
A4: AH-015-03 | B4: AgentBuilder | C4: DOM 마운트 + 주요 컨테이너 렌더 | D4: (라우트 진입 완료) | E4: DOM 로드 + 1초 대기 → console error 0건 + 핵심 selector 가시 | F4: console error 0건 (잘 알려진 외부 라이브러리 경고 제외), 핵심 컨테이너(main/main-layout/page-root) 렌더 | G4: safe | H4: auto | I4: PASS | L4: 2026-05-12 15:32:36
A5: AH-015-04 | B5: AgentBuilder | C5: 페이지 진입 시 API 자동 호출 응답 확인 | D5: (라우트 진입 완료) | E5: network 모니터 — 첫 5초 내 발생한 /api 또는 /v1 호출 + 상태코드 수집 | F5: 관련 API 200 OK 또는 비-401 응답. 401 발생 시 권한 분기 케이스로 분류 | G5: safe | H5: auto | I5: PASS | L5: 2026-05-12 15:32:36
A6: AH-015-05 | B6: AgentBuilder | C6: 사이드바 / 헤더 / 활성 메뉴 표시 | D6: (라우트 진입 완료) | E6: 선택된 메뉴 highlight + 현재 사용자(admin) 정보 표시 확인 | F6: 사이드바 노드 활성 클래스 + 사용자 아바타/이름 가시 | G6: safe | H6: auto | I6: PASS | L6: 2026-05-12 15:32:36
A7: AH-015-06 | B7: AgentBuilder | C7: 스크린샷 캡처 (감사용) | D7: (라우트 진입 + DOM 안정화) | E7: viewport 스크린샷 (full=false) | F7: screenshots/full/ 하위 .png 저장됨 (평문 시크릿 없음) | G7: safe | H7: auto | I7: PASS | L7: 2026-05-12 15:32:36 | M7: tools/ui_e2e/screenshots/full/AH_PROT_AgentBuilder.png
A8: AH-SP-032 | B8: 에이전트 빌더 | C8: 신규 에이전트 생성 폼 표시 | D8: (admin 로그인) | E8: /agents/builder 진입 | F8: 이름/모델/시스템 프롬프트 입력 필드 가시 | G8: safe | H8: auto | I8: PASS | K8: [라이브 라우트 결과 인용] AgentBuilder: PASS | L8: 2026-05-12 (인용)

Sheet AgentChat
A1: ID | B1: 화면 | C1: 인터랙션 | D1: 사전조건 | E1: 입력/액션 | F1: 기대 결과 | G1: 위험도 | H1: 자동화 | I1: 결과 | J1: 실측값 | K1: 비고 | L1: 검증일시 | M1: 스크린샷 경로
A2: AH-013-01 | B2: AgentChat | C2: 화면 진입 (admin 세션) | D2: (admin 로그인) — public 라우트도 admin 세션 보유 상태에서 진입 | E2: GET /agents/chat | F2: HTTP 200 또는 클라이언트 라우팅 성공 + 페이지 마운트 (Vue/Next 컴포넌트 렌더) | G2: safe | H2: auto | I2: PASS | J2: DOM mounted=True | duration=2727ms | final=http://192.168.10.39:64005/agents/chat | L2: 2026-05-12 15:32:31 | M2: tools/ui_e2e/screenshots/full/AH_PROT_AgentChat.png
A3: AH-013-02 | B3: AgentChat | C3: 권한 분기 (anonymous → /login 리다이렉트) | D3: (미로그인 + 새 컨텍스트) | E3: GET /agents/chat (token 없음) | F3: /login?redirect=... 또는 /landing 으로 리다이렉트 | G3: safe | H3: auto | I3: PASS | J3: final=http://192.168.10.39:64005/login?redirect=/agents/chat | K3: final=http://192.168.10.39:64005/login?redirect=/agents/chat | L3: 2026-05-12 15:40:00
A4: AH-013-03 | B4: AgentChat | C4: DOM 마운트 + 주요 컨테이너 렌더 | D4: (라우트 진입 완료) | E4: DOM 로드 + 1초 대기 → console error 0건 + 핵심 selector 가시 | F4: console error 0건 (잘 알려진 외부 라이브러리 경고 제외), 핵심 컨테이너(main/main-layout/page-root) 렌더 | G4: safe | H4: auto | I4: PASS | L4: 2026-05-12 15:32:31
A5: AH-013-04 | B5: AgentChat | C5: 페이지 진입 시 API 자동 호출 응답 확인 | D5: (라우트 진입 완료) | E5: network 모니터 — 첫 5초 내 발생한 /api 또는 /v1 호출 + 상태코드 수집 | F5: 관련 API 200 OK 또는 비-401 응답. 401 발생 시 권한 분기 케이스로 분류 | G5: safe | H5: auto | I5: PASS | L5: 2026-05-12 15:32:31
A6: AH-013-05 | B6: AgentChat | C6: 사이드바 / 헤더 / 활성 메뉴 표시 | D6: (라우트 진입 완료) | E6: 선택된 메뉴 highlight + 현재 사용자(admin) 정보 표시 확인 | F6: 사이드바 노드 활성 클래스 + 사용자 아바타/이름 가시 | G6: safe | H6: auto | I6: PASS | L6: 2026-05-12 15:32:31
A7: AH-013-06 | B7: AgentChat | C7: 스크린샷 캡처 (감사용) | D7: (라우트 진입 + DOM 안정화) | E7: viewport 스크린샷 (full=false) | F7: screenshots/full/ 하위 .png 저장됨 (평문 시크릿 없음) | G7: safe | H7: auto | I7: PASS | L7: 2026-05-12 15:32:31 | M7: tools/ui_e2e/screenshots/full/AH_PROT_AgentChat.png
A8: AH-SP-031 | B8: 에이전트 채팅 | C8: [시나리오 2 인용] LLM 1회 호출 | D8: 트랙 #75 commit b7de919 참조 | E8: (자동화 완료 — 재실행 안 함) | F8: PASS (시나리오 2 결과 인용 — LLM 비용 1회만) | G8: cost | H8: manual | I8: PASS | K8: [시나리오 2 인용] tools/ui_e2e/scenario_2_result.json (b7de919) | L8: 2026-05-12 (인용)

Sheet AgentEmbed
A1: ID | B1: 화면 | C1: 인터랙션 | D1: 사전조건 | E1: 입력/액션 | F1: 기대 결과 | G1: 위험도 | H1: 자동화 | I1: 결과 | J1: 실측값 | K1: 비고 | L1: 검증일시 | M1: 스크린샷 경로
A2: AH-008-01 | B2: AgentEmbed | C2: 화면 진입 (anonymous) | D2: (미로그인) anonymous | E2: GET /embed/test | F2: HTTP 200 또는 클라이언트 라우팅 성공 + 페이지 마운트 (Vue/Next 컴포넌트 렌더) | G2: safe | H2: auto | I2: PASS | J2: DOM mounted=True | duration=1770ms | final=http://192.168.10.39:64005/embed/test | net_issues=1: [{'url': 'http://192.168.10.39:64005/api/agents/public/test/info', 'status': 404}] | L2: 2026-05-12 15:32:21 | M2: tools/ui_e2e/screenshots/full/AH_PUB_AgentEmbed.png
A3: AH-008-02 | B3: AgentEmbed | C3: 권한 분기 (admin 진입도 허용) | D3: (admin 로그인 상태) | E3: GET /embed/test | F3: redirect=true 가 아닌 경우 그대로 표시 또는 routerGuard 에 따라 /로 이동 | G3: safe | H3: auto | I3: PASS | L3: 2026-05-12 15:32:21
A4: AH-008-03 | B4: AgentEmbed | C4: DOM 마운트 + 주요 컨테이너 렌더 | D4: (라우트 진입 완료) | E4: DOM 로드 + 1초 대기 → console error 0건 + 핵심 selector 가시 | F4: console error 0건 (잘 알려진 외부 라이브러리 경고 제외), 핵심 컨테이너(main/main-layout/page-root) 렌더 | G4: safe | H4: auto | I4: PASS | L4: 2026-05-12 15:32:21
A5: AH-008-06 | B5: AgentEmbed | C5: 스크린샷 캡처 (감사용) | D5: (라우트 진입 + DOM 안정화) | E5: viewport 스크린샷 (full=false) | F5: screenshots/full/ 하위 .png 저장됨 (평문 시크릿 없음) | G5: safe | H5: auto | I5: PASS | L5: 2026-05-12 15:32:21 | M5: tools/ui_e2e/screenshots/full/AH_PUB_AgentEmbed.png
A6: AH-SP-122 | B6: 임베드 | C6: 잘못된 code → 에러 표시 | D6: (미로그인) | E6: /embed/nonexistent 진입 | F6: 404 또는 에러 메시지 | G6: safe | H6: auto | I6: PASS | K6: [라이브 라우트 결과 인용] AgentEmbed: PASS | L6: 2026-05-12 (인용)

Sheet AgentMarketplace
A1: ID | B1: 화면 | C1: 인터랙션 | D1: 사전조건 | E1: 입력/액션 | F1: 기대 결과 | G1: 위험도 | H1: 자동화 | I1: 결과 | J1: 실측값 | K1: 비고 | L1: 검증일시 | M1: 스크린샷 경로
A2: AH-020-01 | B2: AgentMarketplace | C2: 화면 진입 (admin 세션) | D2: (admin 로그인) — public 라우트도 admin 세션 보유 상태에서 진입 | E2: GET /agents/marketplace | F2: HTTP 200 또는 클라이언트 라우팅 성공 + 페이지 마운트 (Vue/Next 컴포넌트 렌더) | G2: safe | H2: auto | I2: PASS | J2: DOM mounted=True | duration=1795ms | final=http://192.168.10.39:64005/agents/marketplace | L2: 2026-05-12 15:32:45 | M2: tools/ui_e2e/screenshots/full/AH_PROT_AgentMarketplace.png
A3: AH-020-02 | B3: AgentMarketplace | C3: 권한 분기 (anonymous → /login 리다이렉트) | D3: (미로그인 + 새 컨텍스트) | E3: GET /agents/marketplace (token 없음) | F3: /login?redirect=... 또는 /landing 으로 리다이렉트 | G3: safe | H3: auto | I3: PASS | J3: final=http://192.168.10.39:64005/login?redirect=/agents/marketplace | K3: final=http://192.168.10.39:64005/login?redirect=/agents/marketplace | L3: 2026-05-12 15:40:00
A4: AH-020-03 | B4: AgentMarketplace | C4: DOM 마운트 + 주요 컨테이너 렌더 | D4: (라우트 진입 완료) | E4: DOM 로드 + 1초 대기 → console error 0건 + 핵심 selector 가시 | F4: console error 0건 (잘 알려진 외부 라이브러리 경고 제외), 핵심 컨테이너(main/main-layout/page-root) 렌더 | G4: safe | H4: auto | I4: PASS | L4: 2026-05-12 15:32:45
A5: AH-020-04 | B5: AgentMarketplace | C5: 페이지 진입 시 API 자동 호출 응답 확인 | D5: (라우트 진입 완료) | E5: network 모니터 — 첫 5초 내 발생한 /api 또는 /v1 호출 + 상태코드 수집 | F5: 관련 API 200 OK 또는 비-401 응답. 401 발생 시 권한 분기 케이스로 분류 | G5: safe | H5: auto | I5: PASS | L5: 2026-05-12 15:32:45
A6: AH-020-05 | B6: AgentMarketplace | C6: 사이드바 / 헤더 / 활성 메뉴 표시 | D6: (라우트 진입 완료) | E6: 선택된 메뉴 highlight + 현재 사용자(admin) 정보 표시 확인 | F6: 사이드바 노드 활성 클래스 + 사용자 아바타/이름 가시 | G6: safe | H6: auto | I6: PASS | L6: 2026-05-12 15:32:45
A7: AH-020-06 | B7: AgentMarketplace | C7: 스크린샷 캡처 (감사용) | D7: (라우트 진입 + DOM 안정화) | E7: viewport 스크린샷 (full=false) | F7: screenshots/full/ 하위 .png 저장됨 (평문 시크릿 없음) | G7: safe | H7: auto | I7: PASS | L7: 2026-05-12 15:32:45 | M7: tools/ui_e2e/screenshots/full/AH_PROT_AgentMarketplace.png
A8: AH-SP-100 | B8: 에이전트 마켓플레이스 | C8: 마켓플레이스 카드 표시 | D8: (admin 로그인) | E8: /agents/marketplace 진입 | F8: 에이전트 카드 그리드 렌더 | G8: safe | H8: auto | I8: PASS | K8: [라이브 라우트 결과 인용] AgentMarketplace: PASS | L8: 2026-05-12 (인용)

Sheet AgentMultiChat
A1: ID | B1: 화면 | C1: 인터랙션 | D1: 사전조건 | E1: 입력/액션 | F1: 기대 결과 | G1: 위험도 | H1: 자동화 | I1: 결과 | J1: 실측값 | K1: 비고 | L1: 검증일시 | M1: 스크린샷 경로
A2: AH-014-01 | B2: AgentMultiChat | C2: 화면 진입 (admin 세션) | D2: (admin 로그인) — public 라우트도 admin 세션 보유 상태에서 진입 | E2: GET /agents/multi-chat | F2: HTTP 200 또는 클라이언트 라우팅 성공 + 페이지 마운트 (Vue/Next 컴포넌트 렌더) | G2: safe | H2: auto | I2: PASS | J2: DOM mounted=True | duration=1813ms | final=http://192.168.10.39:64005/agents/multi-chat | L2: 2026-05-12 15:32:34 | M2: tools/ui_e2e/screenshots/full/AH_PROT_AgentMultiChat.png
A3: AH-014-02 | B3: AgentMultiChat | C3: 권한 분기 (anonymous → /login 리다이렉트) | D3: (미로그인 + 새 컨텍스트) | E3: GET /agents/multi-chat (token 없음) | F3: /login?redirect=... 또는 /landing 으로 리다이렉트 | G3: safe | H3: auto | I3: PASS | J3: final=http://192.168.10.39:64005/login?redirect=/agents/multi-chat | K3: final=http://192.168.10.39:64005/login?redirect=/agents/multi-chat | L3: 2026-05-12 15:40:00
A4: AH-014-03 | B4: AgentMultiChat | C4: DOM 마운트 + 주요 컨테이너 렌더 | D4: (라우트 진입 완료) | E4: DOM 로드 + 1초 대기 → console error 0건 + 핵심 selector 가시 | F4: console error 0건 (잘 알려진 외부 라이브러리 경고 제외), 핵심 컨테이너(main/main-layout/page-root) 렌더 | G4: safe | H4: auto | I4: PASS | L4: 2026-05-12 15:32:34
A5: AH-014-04 | B5: AgentMultiChat | C5: 페이지 진입 시 API 자동 호출 응답 확인 | D5: (라우트 진입 완료) | E5: network 모니터 — 첫 5초 내 발생한 /api 또는 /v1 호출 + 상태코드 수집 | F5: 관련 API 200 OK 또는 비-401 응답. 401 발생 시 권한 분기 케이스로 분류 | G5: safe | H5: auto | I5: PASS | L5: 2026-05-12 15:32:34
A6: AH-014-05 | B6: AgentMultiChat | C6: 사이드바 / 헤더 / 활성 메뉴 표시 | D6: (라우트 진입 완료) | E6: 선택된 메뉴 highlight + 현재 사용자(admin) 정보 표시 확인 | F6: 사이드바 노드 활성 클래스 + 사용자 아바타/이름 가시 | G6: safe | H6: auto | I6: PASS | L6: 2026-05-12 15:32:34
A7: AH-014-06 | B7: AgentMultiChat | C7: 스크린샷 캡처 (감사용) | D7: (라우트 진입 + DOM 안정화) | E7: viewport 스크린샷 (full=false) | F7: screenshots/full/ 하위 .png 저장됨 (평문 시크릿 없음) | G7: safe | H7: auto | I7: PASS | L7: 2026-05-12 15:32:34 | M7: tools/ui_e2e/screenshots/full/AH_PROT_AgentMultiChat.png
A8: AH-SP-120 | B8: 다중 에이전트 채팅 | C8: 다중 채팅 UI 마운트 | D8: (admin 로그인) | E8: /agents/multi-chat 진입 | F8: 다중 패널 UI 가시 | G8: safe | H8: auto | I8: PASS | K8: [라이브 라우트 결과 인용] AgentMultiChat: PASS | L8: 2026-05-12 (인용)

Sheet AgentPublicChat
A1: ID | B1: 화면 | C1: 인터랙션 | D1: 사전조건 | E1: 입력/액션 | F1: 기대 결과 | G1: 위험도 | H1: 자동화 | I1: 결과 | J1: 실측값 | K1: 비고 | L1: 검증일시 | M1: 스크린샷 경로
A2: AH-007-01 | B2: AgentPublicChat | C2: 화면 진입 (anonymous) | D2: (미로그인) anonymous | E2: GET /chatbot/test | F2: HTTP 200 또는 클라이언트 라우팅 성공 + 페이지 마운트 (Vue/Next 컴포넌트 렌더) | G2: safe | H2: auto | I2: PASS | J2: DOM mounted=True | duration=1773ms | final=http://192.168.10.39:64005/chatbot/test | net_issues=1: [{'url': 'http://192.168.10.39:64005/api/agents/public/test/info', 'status': 404}] | L2: 2026-05-12 15:32:20 | M2: tools/ui_e2e/screenshots/full/AH_PUB_AgentPublicChat.png
A3: AH-007-02 | B3: AgentPublicChat | C3: 권한 분기 (admin 진입도 허용) | D3: (admin 로그인 상태) | E3: GET /chatbot/test | F3: redirect=true 가 아닌 경우 그대로 표시 또는 routerGuard 에 따라 /로 이동 | G3: safe | H3: auto | I3: PASS | L3: 2026-05-12 15:32:20
A4: AH-007-03 | B4: AgentPublicChat | C4: DOM 마운트 + 주요 컨테이너 렌더 | D4: (라우트 진입 완료) | E4: DOM 로드 + 1초 대기 → console error 0건 + 핵심 selector 가시 | F4: console error 0건 (잘 알려진 외부 라이브러리 경고 제외), 핵심 컨테이너(main/main-layout/page-root) 렌더 | G4: safe | H4: auto | I4: PASS | L4: 2026-05-12 15:32:20
A5: AH-007-06 | B5: AgentPublicChat | C5: 스크린샷 캡처 (감사용) | D5: (라우트 진입 + DOM 안정화) | E5: viewport 스크린샷 (full=false) | F5: screenshots/full/ 하위 .png 저장됨 (평문 시크릿 없음) | G5: safe | H5: auto | I5: PASS | L5: 2026-05-12 15:32:20 | M5: tools/ui_e2e/screenshots/full/AH_PUB_AgentPublicChat.png
A6: AH-SP-121 | B6: 공개 챗봇 | C6: 잘못된 code → 404 또는 한국어 에러 | D6: (미로그인) | E6: /chatbot/nonexistent 진입 | F6: 404 페이지 또는 '에이전트를 찾을 수 없습니다' 메시지 | G6: safe | H6: auto | I6: PASS | K6: [라이브 라우트 결과 인용] AgentPublicChat: PASS | L6: 2026-05-12 (인용)

Sheet AgentTemplates
A1: ID | B1: 화면 | C1: 인터랙션 | D1: 사전조건 | E1: 입력/액션 | F1: 기대 결과 | G1: 위험도 | H1: 자동화 | I1: 결과 | J1: 실측값 | K1: 비고 | L1: 검증일시 | M1: 스크린샷 경로
A2: AH-021-01 | B2: AgentTemplates | C2: 화면 진입 (admin 세션) | D2: (admin 로그인) — public 라우트도 admin 세션 보유 상태에서 진입 | E2: GET /agents/templates | F2: HTTP 200 또는 클라이언트 라우팅 성공 + 페이지 마운트 (Vue/Next 컴포넌트 렌더) | G2: safe | H2: auto | I2: PASS | J2: DOM mounted=True | duration=1786ms | final=http://192.168.10.39:64005/agents/templates | L2: 2026-05-12 15:32:46 | M2: tools/ui_e2e/screenshots/full/AH_PROT_AgentTemplates.png
A3: AH-021-02 | B3: AgentTemplates | C3: 권한 분기 (anonymous → /login 리다이렉트) | D3: (미로그인 + 새 컨텍스트) | E3: GET /agents/templates (token 없음) | F3: /login?redirect=... 또는 /landing 으로 리다이렉트 | G3: safe | H3: auto | I3: PASS | J3: final=http://192.168.10.39:64005/login?redirect=/agents/templates | K3: final=http://192.168.10.39:64005/login?redirect=/agents/templates | L3: 2026-05-12 15:40:00
A4: AH-021-03 | B4: AgentTemplates | C4: DOM 마운트 + 주요 컨테이너 렌더 | D4: (라우트 진입 완료) | E4: DOM 로드 + 1초 대기 → console error 0건 + 핵심 selector 가시 | F4: console error 0건 (잘 알려진 외부 라이브러리 경고 제외), 핵심 컨테이너(main/main-layout/page-root) 렌더 | G4: safe | H4: auto | I4: PASS | L4: 2026-05-12 15:32:46
A5: AH-021-04 | B5: AgentTemplates | C5: 페이지 진입 시 API 자동 호출 응답 확인 | D5: (라우트 진입 완료) | E5: network 모니터 — 첫 5초 내 발생한 /api 또는 /v1 호출 + 상태코드 수집 | F5: 관련 API 200 OK 또는 비-401 응답. 401 발생 시 권한 분기 케이스로 분류 | G5: safe | H5: auto | I5: PASS | L5: 2026-05-12 15:32:46
A6: AH-021-05 | B6: AgentTemplates | C6: 사이드바 / 헤더 / 활성 메뉴 표시 | D6: (라우트 진입 완료) | E6: 선택된 메뉴 highlight + 현재 사용자(admin) 정보 표시 확인 | F6: 사이드바 노드 활성 클래스 + 사용자 아바타/이름 가시 | G6: safe | H6: auto | I6: PASS | L6: 2026-05-12 15:32:46
A7: AH-021-06 | B7: AgentTemplates | C7: 스크린샷 캡처 (감사용) | D7: (라우트 진입 + DOM 안정화) | E7: viewport 스크린샷 (full=false) | F7: screenshots/full/ 하위 .png 저장됨 (평문 시크릿 없음) | G7: safe | H7: auto | I7: PASS | L7: 2026-05-12 15:32:46 | M7: tools/ui_e2e/screenshots/full/AH_PROT_AgentTemplates.png
A8: AH-SP-101 | B8: 에이전트 템플릿 | C8: 템플릿 목록 표시 | D8: (admin 로그인) | E8: /agents/templates 진입 | F8: 템플릿 카드 렌더 | G8: safe | H8: auto | I8: PASS | K8: [라이브 라우트 결과 인용] AgentTemplates: PASS | L8: 2026-05-12 (인용)

Sheet AgentTestPage
A1: ID | B1: 화면 | C1: 인터랙션 | D1: 사전조건 | E1: 입력/액션 | F1: 기대 결과 | G1: 위험도 | H1: 자동화 | I1: 결과 | J1: 실측값 | K1: 비고 | L1: 검증일시 | M1: 스크린샷 경로
A2: AH-009-01 | B2: AgentTestPage | C2: 화면 진입 (anonymous) | D2: (미로그인) anonymous | E2: GET /agent-test/test | F2: HTTP 200 또는 클라이언트 라우팅 성공 + 페이지 마운트 (Vue/Next 컴포넌트 렌더) | G2: safe | H2: auto | I2: PASS | J2: DOM mounted=True | duration=1829ms | final=http://192.168.10.39:64005/login?redirect=/agent-test/test | REDIRECTED | L2: 2026-05-12 15:32:23 | M2: tools/ui_e2e/screenshots/full/AH_PUB_AgentTestPage.png
A3: AH-009-02 | B3: AgentTestPage | C3: 권한 분기 (admin 진입도 허용) | D3: (admin 로그인 상태) | E3: GET /agent-test/test | F3: redirect=true 가 아닌 경우 그대로 표시 또는 routerGuard 에 따라 /로 이동 | G3: safe | H3: auto | I3: PASS | L3: 2026-05-12 15:32:23
A4: AH-009-03 | B4: AgentTestPage | C4: DOM 마운트 + 주요 컨테이너 렌더 | D4: (라우트 진입 완료) | E4: DOM 로드 + 1초 대기 → console error 0건 + 핵심 selector 가시 | F4: console error 0건 (잘 알려진 외부 라이브러리 경고 제외), 핵심 컨테이너(main/main-layout/page-root) 렌더 | G4: safe | H4: auto | I4: PASS | L4: 2026-05-12 15:32:23
A5: AH-009-06 | B5: AgentTestPage | C5: 스크린샷 캡처 (감사용) | D5: (라우트 진입 + DOM 안정화) | E5: viewport 스크린샷 (full=false) | F5: screenshots/full/ 하위 .png 저장됨 (평문 시크릿 없음) | G5: safe | H5: auto | I5: PASS | L5: 2026-05-12 15:32:23 | M5: tools/ui_e2e/screenshots/full/AH_PUB_AgentTestPage.png

Sheet Agents
A1: ID | B1: 화면 | C1: 인터랙션 | D1: 사전조건 | E1: 입력/액션 | F1: 기대 결과 | G1: 위험도 | H1: 자동화 | I1: 결과 | J1: 실측값 | K1: 비고 | L1: 검증일시 | M1: 스크린샷 경로
A2: AH-012-01 | B2: Agents | C2: 화면 진입 (admin 세션) | D2: (admin 로그인) — public 라우트도 admin 세션 보유 상태에서 진입 | E2: GET /agents | F2: HTTP 200 또는 클라이언트 라우팅 성공 + 페이지 마운트 (Vue/Next 컴포넌트 렌더) | G2: safe | H2: auto | I2: PASS | J2: DOM mounted=True | duration=1814ms | final=http://192.168.10.39:64005/agents | L2: 2026-05-12 15:32:29 | M2: tools/ui_e2e/screenshots/full/AH_PROT_Agents.png
A3: AH-012-02 | B3: Agents | C3: 권한 분기 (anonymous → /login 리다이렉트) | D3: (미로그인 + 새 컨텍스트) | E3: GET /agents (token 없음) | F3: /login?redirect=... 또는 /landing 으로 리다이렉트 | G3: safe | H3: auto | I3: PASS | J3: final=http://192.168.10.39:64005/login?redirect=/agents (redirected to http://192.168.10.39:64005/login?redirect=/agents) | L3: 2026-05-12 15:33:57
A4: AH-012-03 | B4: Agents | C4: DOM 마운트 + 주요 컨테이너 렌더 | D4: (라우트 진입 완료) | E4: DOM 로드 + 1초 대기 → console error 0건 + 핵심 selector 가시 | F4: console error 0건 (잘 알려진 외부 라이브러리 경고 제외), 핵심 컨테이너(main/main-layout/page-root) 렌더 | G4: safe | H4: auto | I4: PASS | L4: 2026-05-12 15:32:29
A5: AH-012-04 | B5: Agents | C5: 페이지 진입 시 API 자동 호출 응답 확인 | D5: (라우트 진입 완료) | E5: network 모니터 — 첫 5초 내 발생한 /api 또는 /v1 호출 + 상태코드 수집 | F5: 관련 API 200 OK 또는 비-401 응답. 401 발생 시 권한 분기 케이스로 분류 | G5: safe | H5: auto | I5: PASS | L5: 2026-05-12 15:32:29
A6: AH-012-05 | B6: Agents | C6: 사이드바 / 헤더 / 활성 메뉴 표시 | D6: (라우트 진입 완료) | E6: 선택된 메뉴 highlight + 현재 사용자(admin) 정보 표시 확인 | F6: 사이드바 노드 활성 클래스 + 사용자 아바타/이름 가시 | G6: safe | H6: auto | I6: PASS | L6: 2026-05-12 15:32:29
A7: AH-012-06 | B7: Agents | C7: 스크린샷 캡처 (감사용) | D7: (라우트 진입 + DOM 안정화) | E7: viewport 스크린샷 (full=false) | F7: screenshots/full/ 하위 .png 저장됨 (평문 시크릿 없음) | G7: safe | H7: auto | I7: PASS | L7: 2026-05-12 15:32:29 | M7: tools/ui_e2e/screenshots/full/AH_PROT_Agents.png
A8: AH-SP-030 | B8: 에이전트 목록 | C8: 에이전트 카드 클릭 → 채팅 진입 | D8: (admin 로그인 + 에이전트 1+ 존재) | E8: 첫 에이전트 카드 클릭 | F8: /agents/chat/{id} 라우팅 + 채팅 컴포넌트 마운트 | G8: safe | H8: auto | I8: PASS | K8: [라이브 라우트 결과 인용] Agents: PASS | L8: 2026-05-12 (인용)

Sheet Analytics
A1: ID | B1: 화면 | C1: 인터랙션 | D1: 사전조건 | E1: 입력/액션 | F1: 기대 결과 | G1: 위험도 | H1: 자동화 | I1: 결과 | J1: 실측값 | K1: 비고 | L1: 검증일시 | M1: 스크린샷 경로
A2: AH-017-01 | B2: Analytics | C2: 화면 진입 (admin 세션) | D2: (admin 로그인) — public 라우트도 admin 세션 보유 상태에서 진입 | E2: GET /analytics | F2: HTTP 200 또는 클라이언트 라우팅 성공 + 페이지 마운트 (Vue/Next 컴포넌트 렌더) | G2: safe | H2: auto | I2: FAIL | J2: DOM mounted=True | duration=1814ms | final=http://192.168.10.39:64005/analytics | net_issues=2: [{'url': 'http://192.168.10.39:64005/api/analytics/dashboard', 'status': 500}, {'url': 'http://192.168.10.39:64005/api/analytics/agents/21/stats?period=month', 'status': 500}] | console_errors=1: ['Error loading analytics data: y'] | K2: 운영 백엔드 결함: 500 http://192.168.10.39:64005/api/analytics/dashboard / 운영 백엔드 결함: 500 http://192.168.10.39:64005/api/analytics/agents/21/stats?period=month | L2: 2026-05-12 15:32:39 | M2: tools/ui_e2e/screenshots/full/AH_PROT_Analytics.png
A3: AH-017-02 | B3: Analytics | C3: 권한 분기 (anonymous → /login 리다이렉트) | D3: (미로그인 + 새 컨텍스트) | E3: GET /analytics (token 없음) | F3: /login?redirect=... 또는 /landing 으로 리다이렉트 | G3: safe | H3: auto | I3: PASS | J3: final=http://192.168.10.39:64005/login?redirect=/analytics | K3: final=http://192.168.10.39:64005/login?redirect=/analytics | L3: 2026-05-12 15:40:00
A4: AH-017-03 | B4: Analytics | C4: DOM 마운트 + 주요 컨테이너 렌더 | D4: (라우트 진입 완료) | E4: DOM 로드 + 1초 대기 → console error 0건 + 핵심 selector 가시 | F4: console error 0건 (잘 알려진 외부 라이브러리 경고 제외), 핵심 컨테이너(main/main-layout/page-root) 렌더 | G4: safe | H4: auto | I4: FAIL | K4: 운영 백엔드 결함: 500 http://192.168.10.39:64005/api/analytics/dashboard | L4: 2026-05-12 15:32:39
A5: AH-017-04 | B5: Analytics | C5: 페이지 진입 시 API 자동 호출 응답 확인 | D5: (라우트 진입 완료) | E5: network 모니터 — 첫 5초 내 발생한 /api 또는 /v1 호출 + 상태코드 수집 | F5: 관련 API 200 OK 또는 비-401 응답. 401 발생 시 권한 분기 케이스로 분류 | G5: safe | H5: auto | I5: FAIL | K5: 운영 백엔드 결함: 500 http://192.168.10.39:64005/api/analytics/dashboard | L5: 2026-05-12 15:32:39
A6: AH-017-05 | B6: Analytics | C6: 사이드바 / 헤더 / 활성 메뉴 표시 | D6: (라우트 진입 완료) | E6: 선택된 메뉴 highlight + 현재 사용자(admin) 정보 표시 확인 | F6: 사이드바 노드 활성 클래스 + 사용자 아바타/이름 가시 | G6: safe | H6: auto | I6: PASS | L6: 2026-05-12 15:32:39
A7: AH-017-06 | B7: Analytics | C7: 스크린샷 캡처 (감사용) | D7: (라우트 진입 + DOM 안정화) | E7: viewport 스크린샷 (full=false) | F7: screenshots/full/ 하위 .png 저장됨 (평문 시크릿 없음) | G7: safe | H7: auto | I7: PASS | L7: 2026-05-12 15:32:39 | M7: tools/ui_e2e/screenshots/full/AH_PROT_Analytics.png
A8: AH-SP-064 | B8: 분석 | C8: 차트 렌더 + 기간 필터 | D8: (admin 로그인) | E8: /analytics 진입 | F8: 차트 1+ 렌더, 기간 선택기 가시 | G8: safe | H8: auto | I8: FAIL | K8: [라이브 라우트 결과 인용] Analytics: FAIL | L8: 2026-05-12 (인용)

Sheet ApiKeys
A1: ID | B1: 화면 | C1: 인터랙션 | D1: 사전조건 | E1: 입력/액션 | F1: 기대 결과 | G1: 위험도 | H1: 자동화 | I1: 결과 | J1: 실측값 | K1: 비고 | L1: 검증일시 | M1: 스크린샷 경로
A2: AH-043-01 | B2: ApiKeys | C2: 화면 진입 (admin 세션) | D2: (admin 로그인) — public 라우트도 admin 세션 보유 상태에서 진입 | E2: GET /api-keys | F2: HTTP 200 또는 클라이언트 라우팅 성공 + 페이지 마운트 (Vue/Next 컴포넌트 렌더) | G2: safe | H2: auto | I2: PASS | J2: DOM mounted=True | duration=1783ms | final=http://192.168.10.39:64005/api-keys | L2: 2026-05-12 15:33:26 | M2: tools/ui_e2e/screenshots/full/AH_PROT_ApiKeys.png
A3: AH-043-02 | B3: ApiKeys | C3: 권한 분기 (anonymous → /login 리다이렉트) | D3: (미로그인 + 새 컨텍스트) | E3: GET /api-keys (token 없음) | F3: /login?redirect=... 또는 /landing 으로 리다이렉트 | G3: safe | H3: auto | I3: PASS | J3: final=http://192.168.10.39:64005/login?redirect=/api-keys (redirected to http://192.168.10.39:64005/login?redirect=/api-keys) | L3: 2026-05-12 15:33:59
A4: AH-043-03 | B4: ApiKeys | C4: DOM 마운트 + 주요 컨테이너 렌더 | D4: (라우트 진입 완료) | E4: DOM 로드 + 1초 대기 → console error 0건 + 핵심 selector 가시 | F4: console error 0건 (잘 알려진 외부 라이브러리 경고 제외), 핵심 컨테이너(main/main-layout/page-root) 렌더 | G4: safe | H4: auto | I4: PASS | L4: 2026-05-12 15:33:26
A5: AH-043-04 | B5: ApiKeys | C5: 페이지 진입 시 API 자동 호출 응답 확인 | D5: (라우트 진입 완료) | E5: network 모니터 — 첫 5초 내 발생한 /api 또는 /v1 호출 + 상태코드 수집 | F5: 관련 API 200 OK 또는 비-401 응답. 401 발생 시 권한 분기 케이스로 분류 | G5: safe | H5: auto | I5: PASS | L5: 2026-05-12 15:33:26
A6: AH-043-05 | B6: ApiKeys | C6: 사이드바 / 헤더 / 활성 메뉴 표시 | D6: (라우트 진입 완료) | E6: 선택된 메뉴 highlight + 현재 사용자(admin) 정보 표시 확인 | F6: 사이드바 노드 활성 클래스 + 사용자 아바타/이름 가시 | G6: safe | H6: auto | I6: PASS | L6: 2026-05-12 15:33:26
A7: AH-043-06 | B7: ApiKeys | C7: 스크린샷 캡처 (감사용) | D7: (라우트 진입 + DOM 안정화) | E7: viewport 스크린샷 (full=false) | F7: screenshots/full/ 하위 .png 저장됨 (평문 시크릿 없음) | G7: safe | H7: auto | I7: PASS | L7: 2026-05-12 15:33:26 | M7: tools/ui_e2e/screenshots/full/AH_PROT_ApiKeys.png
A8: AH-SP-020 | B8: API 키 | C8: 탭 전환 (관리자 / Agent API 키) | D8: (admin 로그인) | E8: 두 탭 클릭하여 전환 | F8: 각 탭 콘텐츠 렌더 | G8: safe | H8: auto | I8: PASS | K8: [라이브 라우트 결과 인용] ApiKeys: PASS | L8: 2026-05-12 (인용)
A9: AH-SP-021 | B9: API 키 | C9: [시나리오 1 인용] Agent API 키 발급+회수 1 cycle | D9: 트랙 #75 commit b7de919 참조 | E9: (자동화 완료 — 재실행 안 함) | F9: PASS (시나리오 1 결과 인용) | G9: mutation | H9: manual | I9: PASS | K9: [시나리오 1 인용] tools/ui_e2e/scenario_1_result.json (b7de919) | L9: 2026-05-12 (인용)

Sheet AuditLog
A1: ID | B1: 화면 | C1: 인터랙션 | D1: 사전조건 | E1: 입력/액션 | F1: 기대 결과 | G1: 위험도 | H1: 자동화 | I1: 결과 | J1: 실측값 | K1: 비고 | L1: 검증일시 | M1: 스크린샷 경로
A2: AH-022-01 | B2: AuditLog | C2: 화면 진입 (admin 세션) | D2: (admin 로그인) — public 라우트도 admin 세션 보유 상태에서 진입 | E2: GET /audit-log | F2: HTTP 200 또는 클라이언트 라우팅 성공 + 페이지 마운트 (Vue/Next 컴포넌트 렌더) | G2: safe | H2: auto | I2: PASS | J2: DOM mounted=True | duration=1825ms | final=http://192.168.10.39:64005/audit-log | L2: 2026-05-12 15:32:48 | M2: tools/ui_e2e/screenshots/full/AH_PROT_AuditLog.png
A3: AH-022-02 | B3: AuditLog | C3: 권한 분기 (anonymous → /login 리다이렉트) | D3: (미로그인 + 새 컨텍스트) | E3: GET /audit-log (token 없음) | F3: /login?redirect=... 또는 /landing 으로 리다이렉트 | G3: safe | H3: auto | I3: PASS | J3: final=http://192.168.10.39:64005/login?redirect=/audit-log | K3: final=http://192.168.10.39:64005/login?redirect=/audit-log | L3: 2026-05-12 15:40:00
A4: AH-022-03 | B4: AuditLog | C4: DOM 마운트 + 주요 컨테이너 렌더 | D4: (라우트 진입 완료) | E4: DOM 로드 + 1초 대기 → console error 0건 + 핵심 selector 가시 | F4: console error 0건 (잘 알려진 외부 라이브러리 경고 제외), 핵심 컨테이너(main/main-layout/page-root) 렌더 | G4: safe | H4: auto | I4: PASS | L4: 2026-05-12 15:32:48
A5: AH-022-04 | B5: AuditLog | C5: 페이지 진입 시 API 자동 호출 응답 확인 | D5: (라우트 진입 완료) | E5: network 모니터 — 첫 5초 내 발생한 /api 또는 /v1 호출 + 상태코드 수집 | F5: 관련 API 200 OK 또는 비-401 응답. 401 발생 시 권한 분기 케이스로 분류 | G5: safe | H5: auto | I5: PASS | L5: 2026-05-12 15:32:48
A6: AH-022-05 | B6: AuditLog | C6: 사이드바 / 헤더 / 활성 메뉴 표시 | D6: (라우트 진입 완료) | E6: 선택된 메뉴 highlight + 현재 사용자(admin) 정보 표시 확인 | F6: 사이드바 노드 활성 클래스 + 사용자 아바타/이름 가시 | G6: safe | H6: auto | I6: PASS | L6: 2026-05-12 15:32:48
A7: AH-022-06 | B7: AuditLog | C7: 스크린샷 캡처 (감사용) | D7: (라우트 진입 + DOM 안정화) | E7: viewport 스크린샷 (full=false) | F7: screenshots/full/ 하위 .png 저장됨 (평문 시크릿 없음) | G7: safe | H7: auto | I7: PASS | L7: 2026-05-12 15:32:48 | M7: tools/ui_e2e/screenshots/full/AH_PROT_AuditLog.png
A8: AH-SP-065 | B8: 감사 로그 | C8: 감사 로그 표 + 필터 | D8: (admin 로그인) | E8: /audit-log 진입 | F8: 감사 로그 행 렌더 또는 빈 상태 | G8: safe | H8: auto | I8: PASS | K8: [라이브 라우트 결과 인용] AuditLog: PASS | L8: 2026-05-12 (인용)

Sheet BannedWords
A1: ID | B1: 화면 | C1: 인터랙션 | D1: 사전조건 | E1: 입력/액션 | F1: 기대 결과 | G1: 위험도 | H1: 자동화 | I1: 결과 | J1: 실측값 | K1: 비고 | L1: 검증일시 | M1: 스크린샷 경로
A2: AH-044-01 | B2: BannedWords | C2: 화면 진입 (admin 세션) | D2: (admin 로그인) — public 라우트도 admin 세션 보유 상태에서 진입 | E2: GET /banned-words | F2: HTTP 200 또는 클라이언트 라우팅 성공 + 페이지 마운트 (Vue/Next 컴포넌트 렌더) | G2: safe | H2: auto | I2: PASS | J2: DOM mounted=True | duration=1808ms | final=http://192.168.10.39:64005/banned-words | L2: 2026-05-12 15:33:28 | M2: tools/ui_e2e/screenshots/full/AH_PROT_BannedWords.png
A3: AH-044-02 | B3: BannedWords | C3: 권한 분기 (anonymous → /login 리다이렉트) | D3: (미로그인 + 새 컨텍스트) | E3: GET /banned-words (token 없음) | F3: /login?redirect=... 또는 /landing 으로 리다이렉트 | G3: safe | H3: auto | I3: PASS | J3: final=http://192.168.10.39:64005/login?redirect=/banned-words | K3: final=http://192.168.10.39:64005/login?redirect=/banned-words | L3: 2026-05-12 15:40:00
A4: AH-044-03 | B4: BannedWords | C4: DOM 마운트 + 주요 컨테이너 렌더 | D4: (라우트 진입 완료) | E4: DOM 로드 + 1초 대기 → console error 0건 + 핵심 selector 가시 | F4: console error 0건 (잘 알려진 외부 라이브러리 경고 제외), 핵심 컨테이너(main/main-layout/page-root) 렌더 | G4: safe | H4: auto | I4: PASS | L4: 2026-05-12 15:33:28
A5: AH-044-04 | B5: BannedWords | C5: 페이지 진입 시 API 자동 호출 응답 확인 | D5: (라우트 진입 완료) | E5: network 모니터 — 첫 5초 내 발생한 /api 또는 /v1 호출 + 상태코드 수집 | F5: 관련 API 200 OK 또는 비-401 응답. 401 발생 시 권한 분기 케이스로 분류 | G5: safe | H5: auto | I5: PASS | L5: 2026-05-12 15:33:28
A6: AH-044-05 | B6: BannedWords | C6: 사이드바 / 헤더 / 활성 메뉴 표시 | D6: (라우트 진입 완료) | E6: 선택된 메뉴 highlight + 현재 사용자(admin) 정보 표시 확인 | F6: 사이드바 노드 활성 클래스 + 사용자 아바타/이름 가시 | G6: safe | H6: auto | I6: PASS | L6: 2026-05-12 15:33:28
A7: AH-044-06 | B7: BannedWords | C7: 스크린샷 캡처 (감사용) | D7: (라우트 진입 + DOM 안정화) | E7: viewport 스크린샷 (full=false) | F7: screenshots/full/ 하위 .png 저장됨 (평문 시크릿 없음) | G7: safe | H7: auto | I7: PASS | L7: 2026-05-12 15:33:28 | M7: tools/ui_e2e/screenshots/full/AH_PROT_BannedWords.png
A8: AH-SP-066 | B8: 금칙어 | C8: 금칙어 목록 표시 | D8: (admin 로그인) | E8: /banned-words 진입 | F8: 금칙어 목록 + 카테고리 필터 | G8: safe | H8: auto | I8: PASS | K8: [라이브 라우트 결과 인용] BannedWords: PASS | L8: 2026-05-12 (인용)

Sheet CostAnalysis
A1: ID | B1: 화면 | C1: 인터랙션 | D1: 사전조건 | E1: 입력/액션 | F1: 기대 결과 | G1: 위험도 | H1: 자동화 | I1: 결과 | J1: 실측값 | K1: 비고 | L1: 검증일시 | M1: 스크린샷 경로
A2: AH-023-01 | B2: CostAnalysis | C2: 화면 진입 (admin 세션) | D2: (admin 로그인) — public 라우트도 admin 세션 보유 상태에서 진입 | E2: GET /cost-analysis | F2: HTTP 200 또는 클라이언트 라우팅 성공 + 페이지 마운트 (Vue/Next 컴포넌트 렌더) | G2: safe | H2: auto | I2: PASS | J2: DOM mounted=True | duration=1787ms | final=http://192.168.10.39:64005/cost-analysis | L2: 2026-05-12 15:32:50 | M2: tools/ui_e2e/screenshots/full/AH_PROT_CostAnalysis.png
A3: AH-023-02 | B3: CostAnalysis | C3: 권한 분기 (anonymous → /login 리다이렉트) | D3: (미로그인 + 새 컨텍스트) | E3: GET /cost-analysis (token 없음) | F3: /login?redirect=... 또는 /landing 으로 리다이렉트 | G3: safe | H3: auto | I3: PASS | J3: final=http://192.168.10.39:64005/login?redirect=/cost-analysis | K3: final=http://192.168.10.39:64005/login?redirect=/cost-analysis | L3: 2026-05-12 15:40:00
A4: AH-023-03 | B4: CostAnalysis | C4: DOM 마운트 + 주요 컨테이너 렌더 | D4: (라우트 진입 완료) | E4: DOM 로드 + 1초 대기 → console error 0건 + 핵심 selector 가시 | F4: console error 0건 (잘 알려진 외부 라이브러리 경고 제외), 핵심 컨테이너(main/main-layout/page-root) 렌더 | G4: safe | H4: auto | I4: PASS | L4: 2026-05-12 15:32:50
A5: AH-023-04 | B5: CostAnalysis | C5: 페이지 진입 시 API 자동 호출 응답 확인 | D5: (라우트 진입 완료) | E5: network 모니터 — 첫 5초 내 발생한 /api 또는 /v1 호출 + 상태코드 수집 | F5: 관련 API 200 OK 또는 비-401 응답. 401 발생 시 권한 분기 케이스로 분류 | G5: safe | H5: auto | I5: PASS | L5: 2026-05-12 15:32:50
A6: AH-023-05 | B6: CostAnalysis | C6: 사이드바 / 헤더 / 활성 메뉴 표시 | D6: (라우트 진입 완료) | E6: 선택된 메뉴 highlight + 현재 사용자(admin) 정보 표시 확인 | F6: 사이드바 노드 활성 클래스 + 사용자 아바타/이름 가시 | G6: safe | H6: auto | I6: PASS | L6: 2026-05-12 15:32:50
A7: AH-023-06 | B7: CostAnalysis | C7: 스크린샷 캡처 (감사용) | D7: (라우트 진입 + DOM 안정화) | E7: viewport 스크린샷 (full=false) | F7: screenshots/full/ 하위 .png 저장됨 (평문 시크릿 없음) | G7: safe | H7: auto | I7: PASS | L7: 2026-05-12 15:32:50 | M7: tools/ui_e2e/screenshots/full/AH_PROT_CostAnalysis.png
A8: AH-SP-072 | B8: 비용 분석 | C8: 비용 차트 표시 | D8: (admin 로그인) | E8: /cost-analysis 진입 | F8: 프로바이더/모델별 비용 차트 렌더 | G8: safe | H8: auto | I8: PASS | K8: [라이브 라우트 결과 인용] CostAnalysis: PASS | L8: 2026-05-12 (인용)

Sheet DU_AdminAccounts
A1: ID | B1: 화면 | C1: 인터랙션 | D1: 사전조건 | E1: 입력/액션 | F1: 기대 결과 | G1: 위험도 | H1: 자동화 | I1: 결과 | J1: 실측값 | K1: 비고 | L1: 검증일시 | M1: 스크린샷 경로
A2: DU-005-01 | B2: DU_AdminAccounts | C2: 화면 진입 (인증 의존 — DocUtil 자격증명 미확보) | D2: DocUtil 운영자 자격증명 미확보 | E2: GET /admin-accounts | F2: 로그인 페이지로 리다이렉트 또는 DocUtil 자격증명 확보 후 재진행 | G2: safe | H2: skip | I2: SKIP | J2: DOM mounted=None | duration=Nonems | final= | K2: DocUtil 자격증명 제공 시 진행 분기
A3: DU-005-02 | B3: DU_AdminAccounts | C3: 권한 분기 (anonymous → /login 리다이렉트) | D3: (미로그인 + 새 컨텍스트) | E3: GET /admin-accounts (token 없음) | F3: /login?redirect=... 또는 /landing 으로 리다이렉트 | G3: safe | H3: auto | I3: SKIP | K3: DocUtil 자격증명 미확보 — 트랙 #75 시나리오 4 참조
A4: DU-005-03 | B4: DU_AdminAccounts | C4: DOM 마운트 + 주요 컨테이너 렌더 | D4: (라우트 진입 완료) | E4: DOM 로드 + 1초 대기 → console error 0건 + 핵심 selector 가시 | F4: console error 0건 (잘 알려진 외부 라이브러리 경고 제외), 핵심 컨테이너(main/main-layout/page-root) 렌더 | G4: safe | H4: auto | I4: SKIP | K4: DocUtil 자격증명 미확보 — 트랙 #75 시나리오 4 참조
A5: DU-005-06 | B5: DU_AdminAccounts | C5: 스크린샷 캡처 (감사용) | D5: (라우트 진입 + DOM 안정화) | E5: viewport 스크린샷 (full=false) | F5: screenshots/full/ 하위 .png 저장됨 (평문 시크릿 없음) | G5: safe | H5: auto | I5: SKIP | K5: DocUtil 자격증명 미확보 — 트랙 #75 시나리오 4 참조

Sheet DU_AdminDashboard
A1: ID | B1: 화면 | C1: 인터랙션 | D1: 사전조건 | E1: 입력/액션 | F1: 기대 결과 | G1: 위험도 | H1: 자동화 | I1: 결과 | J1: 실측값 | K1: 비고 | L1: 검증일시 | M1: 스크린샷 경로
A2: DU-004-01 | B2: DU_AdminDashboard | C2: 화면 진입 (인증 의존 — DocUtil 자격증명 미확보) | D2: DocUtil 운영자 자격증명 미확보 | E2: GET /dashboard | F2: 로그인 페이지로 리다이렉트 또는 DocUtil 자격증명 확보 후 재진행 | G2: safe | H2: skip | I2: SKIP | J2: DOM mounted=None | duration=Nonems | final= | K2: DocUtil 자격증명 제공 시 진행 분기
A3: DU-004-02 | B3: DU_AdminDashboard | C3: 권한 분기 (anonymous → /login 리다이렉트) | D3: (미로그인 + 새 컨텍스트) | E3: GET /dashboard (token 없음) | F3: /login?redirect=... 또는 /landing 으로 리다이렉트 | G3: safe | H3: auto | I3: SKIP | K3: DocUtil 자격증명 미확보 — 트랙 #75 시나리오 4 참조
A4: DU-004-03 | B4: DU_AdminDashboard | C4: DOM 마운트 + 주요 컨테이너 렌더 | D4: (라우트 진입 완료) | E4: DOM 로드 + 1초 대기 → console error 0건 + 핵심 selector 가시 | F4: console error 0건 (잘 알려진 외부 라이브러리 경고 제외), 핵심 컨테이너(main/main-layout/page-root) 렌더 | G4: safe | H4: auto | I4: SKIP | K4: DocUtil 자격증명 미확보 — 트랙 #75 시나리오 4 참조
A5: DU-004-06 | B5: DU_AdminDashboard | C5: 스크린샷 캡처 (감사용) | D5: (라우트 진입 + DOM 안정화) | E5: viewport 스크린샷 (full=false) | F5: screenshots/full/ 하위 .png 저장됨 (평문 시크릿 없음) | G5: safe | H5: auto | I5: SKIP | K5: DocUtil 자격증명 미확보 — 트랙 #75 시나리오 4 참조

Sheet DU_Agents
A1: ID | B1: 화면 | C1: 인터랙션 | D1: 사전조건 | E1: 입력/액션 | F1: 기대 결과 | G1: 위험도 | H1: 자동화 | I1: 결과 | J1: 실측값 | K1: 비고 | L1: 검증일시 | M1: 스크린샷 경로
A2: DU-006-01 | B2: DU_Agents | C2: 화면 진입 (인증 의존 — DocUtil 자격증명 미확보) | D2: DocUtil 운영자 자격증명 미확보 | E2: GET /agents | F2: 로그인 페이지로 리다이렉트 또는 DocUtil 자격증명 확보 후 재진행 | G2: safe | H2: skip | I2: SKIP | J2: DOM mounted=None | duration=Nonems | final= | K2: DocUtil 자격증명 제공 시 진행 분기
A3: DU-006-02 | B3: DU_Agents | C3: 권한 분기 (anonymous → /login 리다이렉트) | D3: (미로그인 + 새 컨텍스트) | E3: GET /agents (token 없음) | F3: /login?redirect=... 또는 /landing 으로 리다이렉트 | G3: safe | H3: auto | I3: SKIP | K3: DocUtil 자격증명 미확보 — 트랙 #75 시나리오 4 참조
A4: DU-006-03 | B4: DU_Agents | C4: DOM 마운트 + 주요 컨테이너 렌더 | D4: (라우트 진입 완료) | E4: DOM 로드 + 1초 대기 → console error 0건 + 핵심 selector 가시 | F4: console error 0건 (잘 알려진 외부 라이브러리 경고 제외), 핵심 컨테이너(main/main-layout/page-root) 렌더 | G4: safe | H4: auto | I4: SKIP | K4: DocUtil 자격증명 미확보 — 트랙 #75 시나리오 4 참조
A5: DU-006-06 | B5: DU_Agents | C5: 스크린샷 캡처 (감사용) | D5: (라우트 진입 + DOM 안정화) | E5: viewport 스크린샷 (full=false) | F5: screenshots/full/ 하위 .png 저장됨 (평문 시크릿 없음) | G5: safe | H5: auto | I5: SKIP | K5: DocUtil 자격증명 미확보 — 트랙 #75 시나리오 4 참조

Sheet DU_ApiKeys
A1: ID | B1: 화면 | C1: 인터랙션 | D1: 사전조건 | E1: 입력/액션 | F1: 기대 결과 | G1: 위험도 | H1: 자동화 | I1: 결과 | J1: 실측값 | K1: 비고 | L1: 검증일시 | M1: 스크린샷 경로
A2: DU-007-01 | B2: DU_ApiKeys | C2: 화면 진입 (인증 의존 — DocUtil 자격증명 미확보) | D2: DocUtil 운영자 자격증명 미확보 | E2: GET /api-keys | F2: 로그인 페이지로 리다이렉트 또는 DocUtil 자격증명 확보 후 재진행 | G2: safe | H2: skip | I2: SKIP | J2: DOM mounted=None | duration=Nonems | final= | K2: DocUtil 자격증명 제공 시 진행 분기
A3: DU-007-02 | B3: DU_ApiKeys | C3: 권한 분기 (anonymous → /login 리다이렉트) | D3: (미로그인 + 새 컨텍스트) | E3: GET /api-keys (token 없음) | F3: /login?redirect=... 또는 /landing 으로 리다이렉트 | G3: safe | H3: auto | I3: SKIP | K3: DocUtil 자격증명 미확보 — 트랙 #75 시나리오 4 참조
A4: DU-007-03 | B4: DU_ApiKeys | C4: DOM 마운트 + 주요 컨테이너 렌더 | D4: (라우트 진입 완료) | E4: DOM 로드 + 1초 대기 → console error 0건 + 핵심 selector 가시 | F4: console error 0건 (잘 알려진 외부 라이브러리 경고 제외), 핵심 컨테이너(main/main-layout/page-root) 렌더 | G4: safe | H4: auto | I4: SKIP | K4: DocUtil 자격증명 미확보 — 트랙 #75 시나리오 4 참조
A5: DU-007-06 | B5: DU_ApiKeys | C5: 스크린샷 캡처 (감사용) | D5: (라우트 진입 + DOM 안정화) | E5: viewport 스크린샷 (full=false) | F5: screenshots/full/ 하위 .png 저장됨 (평문 시크릿 없음) | G5: safe | H5: auto | I5: SKIP | K5: DocUtil 자격증명 미확보 — 트랙 #75 시나리오 4 참조

Sheet DU_Chat
A1: ID | B1: 화면 | C1: 인터랙션 | D1: 사전조건 | E1: 입력/액션 | F1: 기대 결과 | G1: 위험도 | H1: 자동화 | I1: 결과 | J1: 실측값 | K1: 비고 | L1: 검증일시 | M1: 스크린샷 경로
A2: DU-019-01 | B2: DU_Chat | C2: 화면 진입 (인증 의존 — DocUtil 자격증명 미확보) | D2: DocUtil 운영자 자격증명 미확보 | E2: GET /chat | F2: 로그인 페이지로 리다이렉트 또는 DocUtil 자격증명 확보 후 재진행 | G2: safe | H2: skip | I2: SKIP | J2: DOM mounted=None | duration=Nonems | final= | K2: DocUtil 자격증명 제공 시 진행 분기
A3: DU-019-02 | B3: DU_Chat | C3: 권한 분기 (anonymous → /login 리다이렉트) | D3: (미로그인 + 새 컨텍스트) | E3: GET /chat (token 없음) | F3: /login?redirect=... 또는 /landing 으로 리다이렉트 | G3: safe | H3: auto | I3: SKIP | K3: DocUtil 자격증명 미확보 — 트랙 #75 시나리오 4 참조
A4: DU-019-03 | B4: DU_Chat | C4: DOM 마운트 + 주요 컨테이너 렌더 | D4: (라우트 진입 완료) | E4: DOM 로드 + 1초 대기 → console error 0건 + 핵심 selector 가시 | F4: console error 0건 (잘 알려진 외부 라이브러리 경고 제외), 핵심 컨테이너(main/main-layout/page-root) 렌더 | G4: safe | H4: auto | I4: SKIP | K4: DocUtil 자격증명 미확보 — 트랙 #75 시나리오 4 참조
A5: DU-019-06 | B5: DU_Chat | C5: 스크린샷 캡처 (감사용) | D5: (라우트 진입 + DOM 안정화) | E5: viewport 스크린샷 (full=false) | F5: screenshots/full/ 하위 .png 저장됨 (평문 시크릿 없음) | G5: safe | H5: auto | I5: SKIP | K5: DocUtil 자격증명 미확보 — 트랙 #75 시나리오 4 참조

Sheet DU_Departments
A1: ID | B1: 화면 | C1: 인터랙션 | D1: 사전조건 | E1: 입력/액션 | F1: 기대 결과 | G1: 위험도 | H1: 자동화 | I1: 결과 | J1: 실측값 | K1: 비고 | L1: 검증일시 | M1: 스크린샷 경로
A2: DU-008-01 | B2: DU_Departments | C2: 화면 진입 (인증 의존 — DocUtil 자격증명 미확보) | D2: DocUtil 운영자 자격증명 미확보 | E2: GET /departments | F2: 로그인 페이지로 리다이렉트 또는 DocUtil 자격증명 확보 후 재진행 | G2: safe | H2: skip | I2: SKIP | J2: DOM mounted=None | duration=Nonems | final= | K2: DocUtil 자격증명 제공 시 진행 분기
A3: DU-008-02 | B3: DU_Departments | C3: 권한 분기 (anonymous → /login 리다이렉트) | D3: (미로그인 + 새 컨텍스트) | E3: GET /departments (token 없음) | F3: /login?redirect=... 또는 /landing 으로 리다이렉트 | G3: safe | H3: auto | I3: SKIP | K3: DocUtil 자격증명 미확보 — 트랙 #75 시나리오 4 참조
A4: DU-008-03 | B4: DU_Departments | C4: DOM 마운트 + 주요 컨테이너 렌더 | D4: (라우트 진입 완료) | E4: DOM 로드 + 1초 대기 → console error 0건 + 핵심 selector 가시 | F4: console error 0건 (잘 알려진 외부 라이브러리 경고 제외), 핵심 컨테이너(main/main-layout/page-root) 렌더 | G4: safe | H4: auto | I4: SKIP | K4: DocUtil 자격증명 미확보 — 트랙 #75 시나리오 4 참조
A5: DU-008-06 | B5: DU_Departments | C5: 스크린샷 캡처 (감사용) | D5: (라우트 진입 + DOM 안정화) | E5: viewport 스크린샷 (full=false) | F5: screenshots/full/ 하위 .png 저장됨 (평문 시크릿 없음) | G5: safe | H5: auto | I5: SKIP | K5: DocUtil 자격증명 미확보 — 트랙 #75 시나리오 4 참조

Sheet DU_DesignerCreate
A1: ID | B1: 화면 | C1: 인터랙션 | D1: 사전조건 | E1: 입력/액션 | F1: 기대 결과 | G1: 위험도 | H1: 자동화 | I1: 결과 | J1: 실측값 | K1: 비고 | L1: 검증일시 | M1: 스크린샷 경로
A2: DU-020-01 | B2: DU_DesignerCreate | C2: 화면 진입 (인증 의존 — DocUtil 자격증명 미확보) | D2: DocUtil 운영자 자격증명 미확보 | E2: GET /designer/create | F2: 로그인 페이지로 리다이렉트 또는 DocUtil 자격증명 확보 후 재진행 | G2: safe | H2: skip | I2: SKIP | J2: DOM mounted=None | duration=Nonems | final= | K2: DocUtil 자격증명 제공 시 진행 분기
A3: DU-020-02 | B3: DU_DesignerCreate | C3: 권한 분기 (anonymous → /login 리다이렉트) | D3: (미로그인 + 새 컨텍스트) | E3: GET /designer/create (token 없음) | F3: /login?redirect=... 또는 /landing 으로 리다이렉트 | G3: safe | H3: auto | I3: SKIP | K3: DocUtil 자격증명 미확보 — 트랙 #75 시나리오 4 참조
A4: DU-020-03 | B4: DU_DesignerCreate | C4: DOM 마운트 + 주요 컨테이너 렌더 | D4: (라우트 진입 완료) | E4: DOM 로드 + 1초 대기 → console error 0건 + 핵심 selector 가시 | F4: console error 0건 (잘 알려진 외부 라이브러리 경고 제외), 핵심 컨테이너(main/main-layout/page-root) 렌더 | G4: safe | H4: auto | I4: SKIP | K4: DocUtil 자격증명 미확보 — 트랙 #75 시나리오 4 참조
A5: DU-020-06 | B5: DU_DesignerCreate | C5: 스크린샷 캡처 (감사용) | D5: (라우트 진입 + DOM 안정화) | E5: viewport 스크린샷 (full=false) | F5: screenshots/full/ 하위 .png 저장됨 (평문 시크릿 없음) | G5: safe | H5: auto | I5: SKIP | K5: DocUtil 자격증명 미확보 — 트랙 #75 시나리오 4 참조

Sheet DU_DesignerDocument
A1: ID | B1: 화면 | C1: 인터랙션 | D1: 사전조건 | E1: 입력/액션 | F1: 기대 결과 | G1: 위험도 | H1: 자동화 | I1: 결과 | J1: 실측값 | K1: 비고 | L1: 검증일시 | M1: 스크린샷 경로
A2: DU-022-01 | B2: DU_DesignerDocument | C2: 화면 진입 (인증 의존 — DocUtil 자격증명 미확보) | D2: DocUtil 운영자 자격증명 미확보 | E2: GET /designer/dummy | F2: 로그인 페이지로 리다이렉트 또는 DocUtil 자격증명 확보 후 재진행 | G2: safe | H2: skip | I2: SKIP | J2: DOM mounted=None | duration=Nonems | final= | K2: DocUtil 자격증명 제공 시 진행 분기
A3: DU-022-02 | B3: DU_DesignerDocument | C3: 권한 분기 (anonymous → /login 리다이렉트) | D3: (미로그인 + 새 컨텍스트) | E3: GET /designer/dummy (token 없음) | F3: /login?redirect=... 또는 /landing 으로 리다이렉트 | G3: safe | H3: auto | I3: SKIP | K3: DocUtil 자격증명 미확보 — 트랙 #75 시나리오 4 참조
A4: DU-022-03 | B4: DU_DesignerDocument | C4: DOM 마운트 + 주요 컨테이너 렌더 | D4: (라우트 진입 완료) | E4: DOM 로드 + 1초 대기 → console error 0건 + 핵심 selector 가시 | F4: console error 0건 (잘 알려진 외부 라이브러리 경고 제외), 핵심 컨테이너(main/main-layout/page-root) 렌더 | G4: safe | H4: auto | I4: SKIP | K4: DocUtil 자격증명 미확보 — 트랙 #75 시나리오 4 참조
A5: DU-022-06 | B5: DU_DesignerDocument | C5: 스크린샷 캡처 (감사용) | D5: (라우트 진입 + DOM 안정화) | E5: viewport 스크린샷 (full=false) | F5: screenshots/full/ 하위 .png 저장됨 (평문 시크릿 없음) | G5: safe | H5: auto | I5: SKIP | K5: DocUtil 자격증명 미확보 — 트랙 #75 시나리오 4 참조

Sheet DU_DesignerFill
A1: ID | B1: 화면 | C1: 인터랙션 | D1: 사전조건 | E1: 입력/액션 | F1: 기대 결과 | G1: 위험도 | H1: 자동화 | I1: 결과 | J1: 실측값 | K1: 비고 | L1: 검증일시 | M1: 스크린샷 경로
A2: DU-021-01 | B2: DU_DesignerFill | C2: 화면 진입 (인증 의존 — DocUtil 자격증명 미확보) | D2: DocUtil 운영자 자격증명 미확보 | E2: GET /designer/fill/dummy | F2: 로그인 페이지로 리다이렉트 또는 DocUtil 자격증명 확보 후 재진행 | G2: safe | H2: skip | I2: SKIP | J2: DOM mounted=None | duration=Nonems | final= | K2: DocUtil 자격증명 제공 시 진행 분기
A3: DU-021-02 | B3: DU_DesignerFill | C3: 권한 분기 (anonymous → /login 리다이렉트) | D3: (미로그인 + 새 컨텍스트) | E3: GET /designer/fill/dummy (token 없음) | F3: /login?redirect=... 또는 /landing 으로 리다이렉트 | G3: safe | H3: auto | I3: SKIP | K3: DocUtil 자격증명 미확보 — 트랙 #75 시나리오 4 참조
A4: DU-021-03 | B4: DU_DesignerFill | C4: DOM 마운트 + 주요 컨테이너 렌더 | D4: (라우트 진입 완료) | E4: DOM 로드 + 1초 대기 → console error 0건 + 핵심 selector 가시 | F4: console error 0건 (잘 알려진 외부 라이브러리 경고 제외), 핵심 컨테이너(main/main-layout/page-root) 렌더 | G4: safe | H4: auto | I4: SKIP | K4: DocUtil 자격증명 미확보 — 트랙 #75 시나리오 4 참조
A5: DU-021-06 | B5: DU_DesignerFill | C5: 스크린샷 캡처 (감사용) | D5: (라우트 진입 + DOM 안정화) | E5: viewport 스크린샷 (full=false) | F5: screenshots/full/ 하위 .png 저장됨 (평문 시크릿 없음) | G5: safe | H5: auto | I5: SKIP | K5: DocUtil 자격증명 미확보 — 트랙 #75 시나리오 4 참조

Sheet DU_Documents
A1: ID | B1: 화면 | C1: 인터랙션 | D1: 사전조건 | E1: 입력/액션 | F1: 기대 결과 | G1: 위험도 | H1: 자동화 | I1: 결과 | J1: 실측값 | K1: 비고 | L1: 검증일시 | M1: 스크린샷 경로
A2: DU-009-01 | B2: DU_Documents | C2: 화면 진입 (인증 의존 — DocUtil 자격증명 미확보) | D2: DocUtil 운영자 자격증명 미확보 | E2: GET /documents | F2: 로그인 페이지로 리다이렉트 또는 DocUtil 자격증명 확보 후 재진행 | G2: safe | H2: skip | I2: SKIP | J2: DOM mounted=None | duration=Nonems | final= | K2: DocUtil 자격증명 제공 시 진행 분기
A3: DU-009-02 | B3: DU_Documents | C3: 권한 분기 (anonymous → /login 리다이렉트) | D3: (미로그인 + 새 컨텍스트) | E3: GET /documents (token 없음) | F3: /login?redirect=... 또는 /landing 으로 리다이렉트 | G3: safe | H3: auto | I3: SKIP | K3: DocUtil 자격증명 미확보 — 트랙 #75 시나리오 4 참조
A4: DU-009-03 | B4: DU_Documents | C4: DOM 마운트 + 주요 컨테이너 렌더 | D4: (라우트 진입 완료) | E4: DOM 로드 + 1초 대기 → console error 0건 + 핵심 selector 가시 | F4: console error 0건 (잘 알려진 외부 라이브러리 경고 제외), 핵심 컨테이너(main/main-layout/page-root) 렌더 | G4: safe | H4: auto | I4: SKIP | K4: DocUtil 자격증명 미확보 — 트랙 #75 시나리오 4 참조
A5: DU-009-06 | B5: DU_Documents | C5: 스크린샷 캡처 (감사용) | D5: (라우트 진입 + DOM 안정화) | E5: viewport 스크린샷 (full=false) | F5: screenshots/full/ 하위 .png 저장됨 (평문 시크릿 없음) | G5: safe | H5: auto | I5: SKIP | K5: DocUtil 자격증명 미확보 — 트랙 #75 시나리오 4 참조

Sheet DU_Evaluation
A1: ID | B1: 화면 | C1: 인터랙션 | D1: 사전조건 | E1: 입력/액션 | F1: 기대 결과 | G1: 위험도 | H1: 자동화 | I1: 결과 | J1: 실측값 | K1: 비고 | L1: 검증일시 | M1: 스크린샷 경로
A2: DU-010-01 | B2: DU_Evaluation | C2: 화면 진입 (인증 의존 — DocUtil 자격증명 미확보) | D2: DocUtil 운영자 자격증명 미확보 | E2: GET /evaluation | F2: 로그인 페이지로 리다이렉트 또는 DocUtil 자격증명 확보 후 재진행 | G2: safe | H2: skip | I2: SKIP | J2: DOM mounted=None | duration=Nonems | final= | K2: DocUtil 자격증명 제공 시 진행 분기
A3: DU-010-02 | B3: DU_Evaluation | C3: 권한 분기 (anonymous → /login 리다이렉트) | D3: (미로그인 + 새 컨텍스트) | E3: GET /evaluation (token 없음) | F3: /login?redirect=... 또는 /landing 으로 리다이렉트 | G3: safe | H3: auto | I3: SKIP | K3: DocUtil 자격증명 미확보 — 트랙 #75 시나리오 4 참조
A4: DU-010-03 | B4: DU_Evaluation | C4: DOM 마운트 + 주요 컨테이너 렌더 | D4: (라우트 진입 완료) | E4: DOM 로드 + 1초 대기 → console error 0건 + 핵심 selector 가시 | F4: console error 0건 (잘 알려진 외부 라이브러리 경고 제외), 핵심 컨테이너(main/main-layout/page-root) 렌더 | G4: safe | H4: auto | I4: SKIP | K4: DocUtil 자격증명 미확보 — 트랙 #75 시나리오 4 참조
A5: DU-010-06 | B5: DU_Evaluation | C5: 스크린샷 캡처 (감사용) | D5: (라우트 진입 + DOM 안정화) | E5: viewport 스크린샷 (full=false) | F5: screenshots/full/ 하위 .png 저장됨 (평문 시크릿 없음) | G5: safe | H5: auto | I5: SKIP | K5: DocUtil 자격증명 미확보 — 트랙 #75 시나리오 4 참조

Sheet DU_Help
A1: ID | B1: 화면 | C1: 인터랙션 | D1: 사전조건 | E1: 입력/액션 | F1: 기대 결과 | G1: 위험도 | H1: 자동화 | I1: 결과 | J1: 실측값 | K1: 비고 | L1: 검증일시 | M1: 스크린샷 경로
A2: DU-011-01 | B2: DU_Help | C2: 화면 진입 (인증 의존 — DocUtil 자격증명 미확보) | D2: DocUtil 운영자 자격증명 미확보 | E2: GET /help | F2: 로그인 페이지로 리다이렉트 또는 DocUtil 자격증명 확보 후 재진행 | G2: safe | H2: skip | I2: SKIP | J2: DOM mounted=None | duration=Nonems | final= | K2: DocUtil 자격증명 제공 시 진행 분기
A3: DU-011-02 | B3: DU_Help | C3: 권한 분기 (anonymous → /login 리다이렉트) | D3: (미로그인 + 새 컨텍스트) | E3: GET /help (token 없음) | F3: /login?redirect=... 또는 /landing 으로 리다이렉트 | G3: safe | H3: auto | I3: SKIP | K3: DocUtil 자격증명 미확보 — 트랙 #75 시나리오 4 참조
A4: DU-011-03 | B4: DU_Help | C4: DOM 마운트 + 주요 컨테이너 렌더 | D4: (라우트 진입 완료) | E4: DOM 로드 + 1초 대기 → console error 0건 + 핵심 selector 가시 | F4: console error 0건 (잘 알려진 외부 라이브러리 경고 제외), 핵심 컨테이너(main/main-layout/page-root) 렌더 | G4: safe | H4: auto | I4: SKIP | K4: DocUtil 자격증명 미확보 — 트랙 #75 시나리오 4 참조
A5: DU-011-06 | B5: DU_Help | C5: 스크린샷 캡처 (감사용) | D5: (라우트 진입 + DOM 안정화) | E5: viewport 스크린샷 (full=false) | F5: screenshots/full/ 하위 .png 저장됨 (평문 시크릿 없음) | G5: safe | H5: auto | I5: SKIP | K5: DocUtil 자격증명 미확보 — 트랙 #75 시나리오 4 참조

Sheet DU_Home
A1: ID | B1: 화면 | C1: 인터랙션 | D1: 사전조건 | E1: 입력/액션 | F1: 기대 결과 | G1: 위험도 | H1: 자동화 | I1: 결과 | J1: 실측값 | K1: 비고 | L1: 검증일시 | M1: 스크린샷 경로
A2: DU-001-01 | B2: DU_Home | C2: 화면 진입 (anonymous) | D2: (미로그인) anonymous | E2: GET / | F2: HTTP 200 또는 클라이언트 라우팅 성공 + 페이지 마운트 (Vue/Next 컴포넌트 렌더) | G2: safe | H2: auto | I2: PASS | J2: DOM mounted=True | duration=1813ms | final=http://192.168.10.39:8041/login | REDIRECTED | L2: 2026-05-12 15:34:03 | M2: tools/ui_e2e/screenshots/full/DU_DU_Home.png
A3: DU-001-02 | B3: DU_Home | C3: 권한 분기 (admin 진입도 허용) | D3: (admin 로그인 상태) | E3: GET / | F3: redirect=true 가 아닌 경우 그대로 표시 또는 routerGuard 에 따라 /로 이동 | G3: safe | H3: auto | I3: PASS | L3: 2026-05-12 15:34:03
A4: DU-001-03 | B4: DU_Home | C4: DOM 마운트 + 주요 컨테이너 렌더 | D4: (라우트 진입 완료) | E4: DOM 로드 + 1초 대기 → console error 0건 + 핵심 selector 가시 | F4: console error 0건 (잘 알려진 외부 라이브러리 경고 제외), 핵심 컨테이너(main/main-layout/page-root) 렌더 | G4: safe | H4: auto | I4: PASS | L4: 2026-05-12 15:34:03
A5: DU-001-06 | B5: DU_Home | C5: 스크린샷 캡처 (감사용) | D5: (라우트 진입 + DOM 안정화) | E5: viewport 스크린샷 (full=false) | F5: screenshots/full/ 하위 .png 저장됨 (평문 시크릿 없음) | G5: safe | H5: auto | I5: PASS | L5: 2026-05-12 15:34:03 | M5: tools/ui_e2e/screenshots/full/DU_DU_Home.png

Sheet DU_Login
A1: ID | B1: 화면 | C1: 인터랙션 | D1: 사전조건 | E1: 입력/액션 | F1: 기대 결과 | G1: 위험도 | H1: 자동화 | I1: 결과 | J1: 실측값 | K1: 비고 | L1: 검증일시 | M1: 스크린샷 경로
A2: DU-003-01 | B2: DU_Login | C2: 화면 진입 (anonymous) | D2: (미로그인) anonymous | E2: GET /login | F2: HTTP 200 또는 클라이언트 라우팅 성공 + 페이지 마운트 (Vue/Next 컴포넌트 렌더) | G2: safe | H2: auto | I2: PASS | J2: DOM mounted=True | duration=1276ms | final=http://192.168.10.39:8041/login | L2: 2026-05-12 15:34:06 | M2: tools/ui_e2e/screenshots/full/DU_DU_Login.png
A3: DU-003-02 | B3: DU_Login | C3: 권한 분기 (admin 진입도 허용) | D3: (admin 로그인 상태) | E3: GET /login | F3: redirect=true 가 아닌 경우 그대로 표시 또는 routerGuard 에 따라 /로 이동 | G3: safe | H3: auto | I3: PASS | L3: 2026-05-12 15:34:06
A4: DU-003-03 | B4: DU_Login | C4: DOM 마운트 + 주요 컨테이너 렌더 | D4: (라우트 진입 완료) | E4: DOM 로드 + 1초 대기 → console error 0건 + 핵심 selector 가시 | F4: console error 0건 (잘 알려진 외부 라이브러리 경고 제외), 핵심 컨테이너(main/main-layout/page-root) 렌더 | G4: safe | H4: auto | I4: PASS | L4: 2026-05-12 15:34:06
A5: DU-003-06 | B5: DU_Login | C5: 스크린샷 캡처 (감사용) | D5: (라우트 진입 + DOM 안정화) | E5: viewport 스크린샷 (full=false) | F5: screenshots/full/ 하위 .png 저장됨 (평문 시크릿 없음) | G5: safe | H5: auto | I5: PASS | L5: 2026-05-12 15:34:06 | M5: tools/ui_e2e/screenshots/full/DU_DU_Login.png

Sheet DU_MyDocuments
A1: ID | B1: 화면 | C1: 인터랙션 | D1: 사전조건 | E1: 입력/액션 | F1: 기대 결과 | G1: 위험도 | H1: 자동화 | I1: 결과 | J1: 실측값 | K1: 비고 | L1: 검증일시 | M1: 스크린샷 경로
A2: DU-023-01 | B2: DU_MyDocuments | C2: 화면 진입 (인증 의존 — DocUtil 자격증명 미확보) | D2: DocUtil 운영자 자격증명 미확보 | E2: GET /my-documents | F2: 로그인 페이지로 리다이렉트 또는 DocUtil 자격증명 확보 후 재진행 | G2: safe | H2: skip | I2: SKIP | J2: DOM mounted=None | duration=Nonems | final= | K2: DocUtil 자격증명 제공 시 진행 분기
A3: DU-023-02 | B3: DU_MyDocuments | C3: 권한 분기 (anonymous → /login 리다이렉트) | D3: (미로그인 + 새 컨텍스트) | E3: GET /my-documents (token 없음) | F3: /login?redirect=... 또는 /landing 으로 리다이렉트 | G3: safe | H3: auto | I3: SKIP | K3: DocUtil 자격증명 미확보 — 트랙 #75 시나리오 4 참조
A4: DU-023-03 | B4: DU_MyDocuments | C4: DOM 마운트 + 주요 컨테이너 렌더 | D4: (라우트 진입 완료) | E4: DOM 로드 + 1초 대기 → console error 0건 + 핵심 selector 가시 | F4: console error 0건 (잘 알려진 외부 라이브러리 경고 제외), 핵심 컨테이너(main/main-layout/page-root) 렌더 | G4: safe | H4: auto | I4: SKIP | K4: DocUtil 자격증명 미확보 — 트랙 #75 시나리오 4 참조
A5: DU-023-06 | B5: DU_MyDocuments | C5: 스크린샷 캡처 (감사용) | D5: (라우트 진입 + DOM 안정화) | E5: viewport 스크린샷 (full=false) | F5: screenshots/full/ 하위 .png 저장됨 (평문 시크릿 없음) | G5: safe | H5: auto | I5: SKIP | K5: DocUtil 자격증명 미확보 — 트랙 #75 시나리오 4 참조

Sheet DU_PreviewHost
A1: ID | B1: 화면 | C1: 인터랙션 | D1: 사전조건 | E1: 입력/액션 | F1: 기대 결과 | G1: 위험도 | H1: 자동화 | I1: 결과 | J1: 실측값 | K1: 비고 | L1: 검증일시 | M1: 스크린샷 경로
A2: DU-002-01 | B2: DU_PreviewHost | C2: 화면 진입 (anonymous) | D2: (미로그인) anonymous | E2: GET /preview-host | F2: HTTP 200 또는 클라이언트 라우팅 성공 + 페이지 마운트 (Vue/Next 컴포넌트 렌더) | G2: safe | H2: auto | I2: PASS | J2: DOM mounted=True | duration=1268ms | final=http://192.168.10.39:8041/preview-host | L2: 2026-05-12 15:34:05 | M2: tools/ui_e2e/screenshots/full/DU_DU_PreviewHost.png
A3: DU-002-02 | B3: DU_PreviewHost | C3: 권한 분기 (admin 진입도 허용) | D3: (admin 로그인 상태) | E3: GET /preview-host | F3: redirect=true 가 아닌 경우 그대로 표시 또는 routerGuard 에 따라 /로 이동 | G3: safe | H3: auto | I3: PASS | L3: 2026-05-12 15:34:05
A4: DU-002-03 | B4: DU_PreviewHost | C4: DOM 마운트 + 주요 컨테이너 렌더 | D4: (라우트 진입 완료) | E4: DOM 로드 + 1초 대기 → console error 0건 + 핵심 selector 가시 | F4: console error 0건 (잘 알려진 외부 라이브러리 경고 제외), 핵심 컨테이너(main/main-layout/page-root) 렌더 | G4: safe | H4: auto | I4: PASS | L4: 2026-05-12 15:34:05
A5: DU-002-06 | B5: DU_PreviewHost | C5: 스크린샷 캡처 (감사용) | D5: (라우트 진입 + DOM 안정화) | E5: viewport 스크린샷 (full=false) | F5: screenshots/full/ 하위 .png 저장됨 (평문 시크릿 없음) | G5: safe | H5: auto | I5: PASS | L5: 2026-05-12 15:34:05 | M5: tools/ui_e2e/screenshots/full/DU_DU_PreviewHost.png

Sheet DU_Projects
A1: ID | B1: 화면 | C1: 인터랙션 | D1: 사전조건 | E1: 입력/액션 | F1: 기대 결과 | G1: 위험도 | H1: 자동화 | I1: 결과 | J1: 실측값 | K1: 비고 | L1: 검증일시 | M1: 스크린샷 경로
A2: DU-012-01 | B2: DU_Projects | C2: 화면 진입 (인증 의존 — DocUtil 자격증명 미확보) | D2: DocUtil 운영자 자격증명 미확보 | E2: GET /projects | F2: 로그인 페이지로 리다이렉트 또는 DocUtil 자격증명 확보 후 재진행 | G2: safe | H2: skip | I2: SKIP | J2: DOM mounted=None | duration=Nonems | final= | K2: DocUtil 자격증명 제공 시 진행 분기
A3: DU-012-02 | B3: DU_Projects | C3: 권한 분기 (anonymous → /login 리다이렉트) | D3: (미로그인 + 새 컨텍스트) | E3: GET /projects (token 없음) | F3: /login?redirect=... 또는 /landing 으로 리다이렉트 | G3: safe | H3: auto | I3: SKIP | K3: DocUtil 자격증명 미확보 — 트랙 #75 시나리오 4 참조
A4: DU-012-03 | B4: DU_Projects | C4: DOM 마운트 + 주요 컨테이너 렌더 | D4: (라우트 진입 완료) | E4: DOM 로드 + 1초 대기 → console error 0건 + 핵심 selector 가시 | F4: console error 0건 (잘 알려진 외부 라이브러리 경고 제외), 핵심 컨테이너(main/main-layout/page-root) 렌더 | G4: safe | H4: auto | I4: SKIP | K4: DocUtil 자격증명 미확보 — 트랙 #75 시나리오 4 참조
A5: DU-012-06 | B5: DU_Projects | C5: 스크린샷 캡처 (감사용) | D5: (라우트 진입 + DOM 안정화) | E5: viewport 스크린샷 (full=false) | F5: screenshots/full/ 하위 .png 저장됨 (평문 시크릿 없음) | G5: safe | H5: auto | I5: SKIP | K5: DocUtil 자격증명 미확보 — 트랙 #75 시나리오 4 참조

Sheet DU_QuickGuide
A1: ID | B1: 화면 | C1: 인터랙션 | D1: 사전조건 | E1: 입력/액션 | F1: 기대 결과 | G1: 위험도 | H1: 자동화 | I1: 결과 | J1: 실측값 | K1: 비고 | L1: 검증일시 | M1: 스크린샷 경로
A2: DU-013-01 | B2: DU_QuickGuide | C2: 화면 진입 (인증 의존 — DocUtil 자격증명 미확보) | D2: DocUtil 운영자 자격증명 미확보 | E2: GET /quick-guide | F2: 로그인 페이지로 리다이렉트 또는 DocUtil 자격증명 확보 후 재진행 | G2: safe | H2: skip | I2: SKIP | J2: DOM mounted=None | duration=Nonems | final= | K2: DocUtil 자격증명 제공 시 진행 분기
A3: DU-013-02 | B3: DU_QuickGuide | C3: 권한 분기 (anonymous → /login 리다이렉트) | D3: (미로그인 + 새 컨텍스트) | E3: GET /quick-guide (token 없음) | F3: /login?redirect=... 또는 /landing 으로 리다이렉트 | G3: safe | H3: auto | I3: SKIP | K3: DocUtil 자격증명 미확보 — 트랙 #75 시나리오 4 참조
A4: DU-013-03 | B4: DU_QuickGuide | C4: DOM 마운트 + 주요 컨테이너 렌더 | D4: (라우트 진입 완료) | E4: DOM 로드 + 1초 대기 → console error 0건 + 핵심 selector 가시 | F4: console error 0건 (잘 알려진 외부 라이브러리 경고 제외), 핵심 컨테이너(main/main-layout/page-root) 렌더 | G4: safe | H4: auto | I4: SKIP | K4: DocUtil 자격증명 미확보 — 트랙 #75 시나리오 4 참조
A5: DU-013-06 | B5: DU_QuickGuide | C5: 스크린샷 캡처 (감사용) | D5: (라우트 진입 + DOM 안정화) | E5: viewport 스크린샷 (full=false) | F5: screenshots/full/ 하위 .png 저장됨 (평문 시크릿 없음) | G5: safe | H5: auto | I5: SKIP | K5: DocUtil 자격증명 미확보 — 트랙 #75 시나리오 4 참조

Sheet DU_Quotas
A1: ID | B1: 화면 | C1: 인터랙션 | D1: 사전조건 | E1: 입력/액션 | F1: 기대 결과 | G1: 위험도 | H1: 자동화 | I1: 결과 | J1: 실측값 | K1: 비고 | L1: 검증일시 | M1: 스크린샷 경로
A2: DU-014-01 | B2: DU_Quotas | C2: 화면 진입 (인증 의존 — DocUtil 자격증명 미확보) | D2: DocUtil 운영자 자격증명 미확보 | E2: GET /quotas | F2: 로그인 페이지로 리다이렉트 또는 DocUtil 자격증명 확보 후 재진행 | G2: safe | H2: skip | I2: SKIP | J2: DOM mounted=None | duration=Nonems | final= | K2: DocUtil 자격증명 제공 시 진행 분기
A3: DU-014-02 | B3: DU_Quotas | C3: 권한 분기 (anonymous → /login 리다이렉트) | D3: (미로그인 + 새 컨텍스트) | E3: GET /quotas (token 없음) | F3: /login?redirect=... 또는 /landing 으로 리다이렉트 | G3: safe | H3: auto | I3: SKIP | K3: DocUtil 자격증명 미확보 — 트랙 #75 시나리오 4 참조
A4: DU-014-03 | B4: DU_Quotas | C4: DOM 마운트 + 주요 컨테이너 렌더 | D4: (라우트 진입 완료) | E4: DOM 로드 + 1초 대기 → console error 0건 + 핵심 selector 가시 | F4: console error 0건 (잘 알려진 외부 라이브러리 경고 제외), 핵심 컨테이너(main/main-layout/page-root) 렌더 | G4: safe | H4: auto | I4: SKIP | K4: DocUtil 자격증명 미확보 — 트랙 #75 시나리오 4 참조
A5: DU-014-06 | B5: DU_Quotas | C5: 스크린샷 캡처 (감사용) | D5: (라우트 진입 + DOM 안정화) | E5: viewport 스크린샷 (full=false) | F5: screenshots/full/ 하위 .png 저장됨 (평문 시크릿 없음) | G5: safe | H5: auto | I5: SKIP | K5: DocUtil 자격증명 미확보 — 트랙 #75 시나리오 4 참조

Sheet DU_Reports
A1: ID | B1: 화면 | C1: 인터랙션 | D1: 사전조건 | E1: 입력/액션 | F1: 기대 결과 | G1: 위험도 | H1: 자동화 | I1: 결과 | J1: 실측값 | K1: 비고 | L1: 검증일시 | M1: 스크린샷 경로
A2: DU-024-01 | B2: DU_Reports | C2: 화면 진입 (인증 의존 — DocUtil 자격증명 미확보) | D2: DocUtil 운영자 자격증명 미확보 | E2: GET /reports | F2: 로그인 페이지로 리다이렉트 또는 DocUtil 자격증명 확보 후 재진행 | G2: safe | H2: skip | I2: SKIP | J2: DOM mounted=None | duration=Nonems | final= | K2: DocUtil 자격증명 제공 시 진행 분기
A3: DU-024-02 | B3: DU_Reports | C3: 권한 분기 (anonymous → /login 리다이렉트) | D3: (미로그인 + 새 컨텍스트) | E3: GET /reports (token 없음) | F3: /login?redirect=... 또는 /landing 으로 리다이렉트 | G3: safe | H3: auto | I3: SKIP | K3: DocUtil 자격증명 미확보 — 트랙 #75 시나리오 4 참조
A4: DU-024-03 | B4: DU_Reports | C4: DOM 마운트 + 주요 컨테이너 렌더 | D4: (라우트 진입 완료) | E4: DOM 로드 + 1초 대기 → console error 0건 + 핵심 selector 가시 | F4: console error 0건 (잘 알려진 외부 라이브러리 경고 제외), 핵심 컨테이너(main/main-layout/page-root) 렌더 | G4: safe | H4: auto | I4: SKIP | K4: DocUtil 자격증명 미확보 — 트랙 #75 시나리오 4 참조
A5: DU-024-06 | B5: DU_Reports | C5: 스크린샷 캡처 (감사용) | D5: (라우트 진입 + DOM 안정화) | E5: viewport 스크린샷 (full=false) | F5: screenshots/full/ 하위 .png 저장됨 (평문 시크릿 없음) | G5: safe | H5: auto | I5: SKIP | K5: DocUtil 자격증명 미확보 — 트랙 #75 시나리오 4 참조

Sheet DU_Search
A1: ID | B1: 화면 | C1: 인터랙션 | D1: 사전조건 | E1: 입력/액션 | F1: 기대 결과 | G1: 위험도 | H1: 자동화 | I1: 결과 | J1: 실측값 | K1: 비고 | L1: 검증일시 | M1: 스크린샷 경로
A2: DU-025-01 | B2: DU_Search | C2: 화면 진입 (인증 의존 — DocUtil 자격증명 미확보) | D2: DocUtil 운영자 자격증명 미확보 | E2: GET /search | F2: 로그인 페이지로 리다이렉트 또는 DocUtil 자격증명 확보 후 재진행 | G2: safe | H2: skip | I2: SKIP | J2: DOM mounted=None | duration=Nonems | final= | K2: DocUtil 자격증명 제공 시 진행 분기
A3: DU-025-02 | B3: DU_Search | C3: 권한 분기 (anonymous → /login 리다이렉트) | D3: (미로그인 + 새 컨텍스트) | E3: GET /search (token 없음) | F3: /login?redirect=... 또는 /landing 으로 리다이렉트 | G3: safe | H3: auto | I3: SKIP | K3: DocUtil 자격증명 미확보 — 트랙 #75 시나리오 4 참조
A4: DU-025-03 | B4: DU_Search | C4: DOM 마운트 + 주요 컨테이너 렌더 | D4: (라우트 진입 완료) | E4: DOM 로드 + 1초 대기 → console error 0건 + 핵심 selector 가시 | F4: console error 0건 (잘 알려진 외부 라이브러리 경고 제외), 핵심 컨테이너(main/main-layout/page-root) 렌더 | G4: safe | H4: auto | I4: SKIP | K4: DocUtil 자격증명 미확보 — 트랙 #75 시나리오 4 참조
A5: DU-025-06 | B5: DU_Search | C5: 스크린샷 캡처 (감사용) | D5: (라우트 진입 + DOM 안정화) | E5: viewport 스크린샷 (full=false) | F5: screenshots/full/ 하위 .png 저장됨 (평문 시크릿 없음) | G5: safe | H5: auto | I5: SKIP | K5: DocUtil 자격증명 미확보 — 트랙 #75 시나리오 4 참조

Sheet DU_SearchScopes
A1: ID | B1: 화면 | C1: 인터랙션 | D1: 사전조건 | E1: 입력/액션 | F1: 기대 결과 | G1: 위험도 | H1: 자동화 | I1: 결과 | J1: 실측값 | K1: 비고 | L1: 검증일시 | M1: 스크린샷 경로
A2: DU-015-01 | B2: DU_SearchScopes | C2: 화면 진입 (인증 의존 — DocUtil 자격증명 미확보) | D2: DocUtil 운영자 자격증명 미확보 | E2: GET /search-scopes | F2: 로그인 페이지로 리다이렉트 또는 DocUtil 자격증명 확보 후 재진행 | G2: safe | H2: skip | I2: SKIP | J2: DOM mounted=None | duration=Nonems | final= | K2: DocUtil 자격증명 제공 시 진행 분기
A3: DU-015-02 | B3: DU_SearchScopes | C3: 권한 분기 (anonymous → /login 리다이렉트) | D3: (미로그인 + 새 컨텍스트) | E3: GET /search-scopes (token 없음) | F3: /login?redirect=... 또는 /landing 으로 리다이렉트 | G3: safe | H3: auto | I3: SKIP | K3: DocUtil 자격증명 미확보 — 트랙 #75 시나리오 4 참조
A4: DU-015-03 | B4: DU_SearchScopes | C4: DOM 마운트 + 주요 컨테이너 렌더 | D4: (라우트 진입 완료) | E4: DOM 로드 + 1초 대기 → console error 0건 + 핵심 selector 가시 | F4: console error 0건 (잘 알려진 외부 라이브러리 경고 제외), 핵심 컨테이너(main/main-layout/page-root) 렌더 | G4: safe | H4: auto | I4: SKIP | K4: DocUtil 자격증명 미확보 — 트랙 #75 시나리오 4 참조
A5: DU-015-06 | B5: DU_SearchScopes | C5: 스크린샷 캡처 (감사용) | D5: (라우트 진입 + DOM 안정화) | E5: viewport 스크린샷 (full=false) | F5: screenshots/full/ 하위 .png 저장됨 (평문 시크릿 없음) | G5: safe | H5: auto | I5: SKIP | K5: DocUtil 자격증명 미확보 — 트랙 #75 시나리오 4 참조

Sheet DU_SearchTest
A1: ID | B1: 화면 | C1: 인터랙션 | D1: 사전조건 | E1: 입력/액션 | F1: 기대 결과 | G1: 위험도 | H1: 자동화 | I1: 결과 | J1: 실측값 | K1: 비고 | L1: 검증일시 | M1: 스크린샷 경로
A2: DU-016-01 | B2: DU_SearchTest | C2: 화면 진입 (인증 의존 — DocUtil 자격증명 미확보) | D2: DocUtil 운영자 자격증명 미확보 | E2: GET /search-test | F2: 로그인 페이지로 리다이렉트 또는 DocUtil 자격증명 확보 후 재진행 | G2: safe | H2: skip | I2: SKIP | J2: DOM mounted=None | duration=Nonems | final= | K2: DocUtil 자격증명 제공 시 진행 분기
A3: DU-016-02 | B3: DU_SearchTest | C3: 권한 분기 (anonymous → /login 리다이렉트) | D3: (미로그인 + 새 컨텍스트) | E3: GET /search-test (token 없음) | F3: /login?redirect=... 또는 /landing 으로 리다이렉트 | G3: safe | H3: auto | I3: SKIP | K3: DocUtil 자격증명 미확보 — 트랙 #75 시나리오 4 참조
A4: DU-016-03 | B4: DU_SearchTest | C4: DOM 마운트 + 주요 컨테이너 렌더 | D4: (라우트 진입 완료) | E4: DOM 로드 + 1초 대기 → console error 0건 + 핵심 selector 가시 | F4: console error 0건 (잘 알려진 외부 라이브러리 경고 제외), 핵심 컨테이너(main/main-layout/page-root) 렌더 | G4: safe | H4: auto | I4: SKIP | K4: DocUtil 자격증명 미확보 — 트랙 #75 시나리오 4 참조
A5: DU-016-06 | B5: DU_SearchTest | C5: 스크린샷 캡처 (감사용) | D5: (라우트 진입 + DOM 안정화) | E5: viewport 스크린샷 (full=false) | F5: screenshots/full/ 하위 .png 저장됨 (평문 시크릿 없음) | G5: safe | H5: auto | I5: SKIP | K5: DocUtil 자격증명 미확보 — 트랙 #75 시나리오 4 참조

Sheet DU_Settings
A1: ID | B1: 화면 | C1: 인터랙션 | D1: 사전조건 | E1: 입력/액션 | F1: 기대 결과 | G1: 위험도 | H1: 자동화 | I1: 결과 | J1: 실측값 | K1: 비고 | L1: 검증일시 | M1: 스크린샷 경로
A2: DU-017-01 | B2: DU_Settings | C2: 화면 진입 (인증 의존 — DocUtil 자격증명 미확보) | D2: DocUtil 운영자 자격증명 미확보 | E2: GET /settings | F2: 로그인 페이지로 리다이렉트 또는 DocUtil 자격증명 확보 후 재진행 | G2: safe | H2: skip | I2: SKIP | J2: DOM mounted=None | duration=Nonems | final= | K2: DocUtil 자격증명 제공 시 진행 분기
A3: DU-017-02 | B3: DU_Settings | C3: 권한 분기 (anonymous → /login 리다이렉트) | D3: (미로그인 + 새 컨텍스트) | E3: GET /settings (token 없음) | F3: /login?redirect=... 또는 /landing 으로 리다이렉트 | G3: safe | H3: auto | I3: SKIP | K3: DocUtil 자격증명 미확보 — 트랙 #75 시나리오 4 참조
A4: DU-017-03 | B4: DU_Settings | C4: DOM 마운트 + 주요 컨테이너 렌더 | D4: (라우트 진입 완료) | E4: DOM 로드 + 1초 대기 → console error 0건 + 핵심 selector 가시 | F4: console error 0건 (잘 알려진 외부 라이브러리 경고 제외), 핵심 컨테이너(main/main-layout/page-root) 렌더 | G4: safe | H4: auto | I4: SKIP | K4: DocUtil 자격증명 미확보 — 트랙 #75 시나리오 4 참조
A5: DU-017-06 | B5: DU_Settings | C5: 스크린샷 캡처 (감사용) | D5: (라우트 진입 + DOM 안정화) | E5: viewport 스크린샷 (full=false) | F5: screenshots/full/ 하위 .png 저장됨 (평문 시크릿 없음) | G5: safe | H5: auto | I5: SKIP | K5: DocUtil 자격증명 미확보 — 트랙 #75 시나리오 4 참조

Sheet DU_Templates
A1: ID | B1: 화면 | C1: 인터랙션 | D1: 사전조건 | E1: 입력/액션 | F1: 기대 결과 | G1: 위험도 | H1: 자동화 | I1: 결과 | J1: 실측값 | K1: 비고 | L1: 검증일시 | M1: 스크린샷 경로
A2: DU-018-01 | B2: DU_Templates | C2: 화면 진입 (인증 의존 — DocUtil 자격증명 미확보) | D2: DocUtil 운영자 자격증명 미확보 | E2: GET /templates | F2: 로그인 페이지로 리다이렉트 또는 DocUtil 자격증명 확보 후 재진행 | G2: safe | H2: skip | I2: SKIP | J2: DOM mounted=None | duration=Nonems | final= | K2: DocUtil 자격증명 제공 시 진행 분기
A3: DU-018-02 | B3: DU_Templates | C3: 권한 분기 (anonymous → /login 리다이렉트) | D3: (미로그인 + 새 컨텍스트) | E3: GET /templates (token 없음) | F3: /login?redirect=... 또는 /landing 으로 리다이렉트 | G3: safe | H3: auto | I3: SKIP | K3: DocUtil 자격증명 미확보 — 트랙 #75 시나리오 4 참조
A4: DU-018-03 | B4: DU_Templates | C4: DOM 마운트 + 주요 컨테이너 렌더 | D4: (라우트 진입 완료) | E4: DOM 로드 + 1초 대기 → console error 0건 + 핵심 selector 가시 | F4: console error 0건 (잘 알려진 외부 라이브러리 경고 제외), 핵심 컨테이너(main/main-layout/page-root) 렌더 | G4: safe | H4: auto | I4: SKIP | K4: DocUtil 자격증명 미확보 — 트랙 #75 시나리오 4 참조
A5: DU-018-06 | B5: DU_Templates | C5: 스크린샷 캡처 (감사용) | D5: (라우트 진입 + DOM 안정화) | E5: viewport 스크린샷 (full=false) | F5: screenshots/full/ 하위 .png 저장됨 (평문 시크릿 없음) | G5: safe | H5: auto | I5: SKIP | K5: DocUtil 자격증명 미확보 — 트랙 #75 시나리오 4 참조

Sheet Dashboard
A1: ID | B1: 화면 | C1: 인터랙션 | D1: 사전조건 | E1: 입력/액션 | F1: 기대 결과 | G1: 위험도 | H1: 자동화 | I1: 결과 | J1: 실측값 | K1: 비고 | L1: 검증일시 | M1: 스크린샷 경로
A2: AH-010-01 | B2: Dashboard | C2: 화면 진입 (admin 세션) | D2: (admin 로그인) — public 라우트도 admin 세션 보유 상태에서 진입 | E2: GET / | F2: HTTP 200 또는 클라이언트 라우팅 성공 + 페이지 마운트 (Vue/Next 컴포넌트 렌더) | G2: safe | H2: auto | I2: FAIL | J2: DOM mounted=True | duration=2079ms | final=http://192.168.10.39:64005/ | net_issues=2: [{'url': 'http://192.168.10.39:64005/api/analytics/dashboard', 'status': 500}, {'url': 'http://192.168.10.39:64005/api/analytics/usage-history?startDate=2026-05-05T06:32:26.335Z&endDate=2026-05-12T06:32:26.33', 'status': 500}] | console_errors=2: ['Error loading dashboard stats: y'] | K2: 운영 백엔드 결함: 500 http://192.168.10.39:64005/api/analytics/dashboard / 운영 백엔드 결함: 500 http://192.168.10.39:64005/api/analytics/usage-history?startDate=2026-05-05T06:3 | L2: 2026-05-12 15:32:25 | M2: tools/ui_e2e/screenshots/full/AH_PROT_Dashboard.png
A3: AH-010-02 | B3: Dashboard | C3: 권한 분기 (anonymous → /login 리다이렉트) | D3: (미로그인 + 새 컨텍스트) | E3: GET / (token 없음) | F3: /login?redirect=... 또는 /landing 으로 리다이렉트 | G3: safe | H3: auto | I3: PASS | J3: final=http://192.168.10.39:64005/landing (redirected to http://192.168.10.39:64005/landing) | L3: 2026-05-12 15:33:53
A4: AH-010-03 | B4: Dashboard | C4: DOM 마운트 + 주요 컨테이너 렌더 | D4: (라우트 진입 완료) | E4: DOM 로드 + 1초 대기 → console error 0건 + 핵심 selector 가시 | F4: console error 0건 (잘 알려진 외부 라이브러리 경고 제외), 핵심 컨테이너(main/main-layout/page-root) 렌더 | G4: safe | H4: auto | I4: FAIL | K4: 운영 백엔드 결함: 500 http://192.168.10.39:64005/api/analytics/dashboard | L4: 2026-05-12 15:32:25
A5: AH-010-04 | B5: Dashboard | C5: 페이지 진입 시 API 자동 호출 응답 확인 | D5: (라우트 진입 완료) | E5: network 모니터 — 첫 5초 내 발생한 /api 또는 /v1 호출 + 상태코드 수집 | F5: 관련 API 200 OK 또는 비-401 응답. 401 발생 시 권한 분기 케이스로 분류 | G5: safe | H5: auto | I5: FAIL | K5: 운영 백엔드 결함: 500 http://192.168.10.39:64005/api/analytics/dashboard | L5: 2026-05-12 15:32:25
A6: AH-010-05 | B6: Dashboard | C6: 사이드바 / 헤더 / 활성 메뉴 표시 | D6: (라우트 진입 완료) | E6: 선택된 메뉴 highlight + 현재 사용자(admin) 정보 표시 확인 | F6: 사이드바 노드 활성 클래스 + 사용자 아바타/이름 가시 | G6: safe | H6: auto | I6: PASS | L6: 2026-05-12 15:32:25
A7: AH-010-06 | B7: Dashboard | C7: 스크린샷 캡처 (감사용) | D7: (라우트 진입 + DOM 안정화) | E7: viewport 스크린샷 (full=false) | F7: screenshots/full/ 하위 .png 저장됨 (평문 시크릿 없음) | G7: safe | H7: auto | I7: PASS | L7: 2026-05-12 15:32:25 | M7: tools/ui_e2e/screenshots/full/AH_PROT_Dashboard.png
A8: AH-SP-010 | B8: 대시보드 | C8: 주요 카드/차트 렌더링 | D8: (admin 로그인) | E8: / 진입 | F8: 사용량/에이전트수/비용 등 카드 4+ 렌더, 차트 1+ 렌더 | G8: safe | H8: auto | I8: FAIL | K8: [라이브 라우트 결과 인용] Dashboard: FAIL | L8: 2026-05-12 (인용)

Sheet DatabaseBackup
A1: ID | B1: 화면 | C1: 인터랙션 | D1: 사전조건 | E1: 입력/액션 | F1: 기대 결과 | G1: 위험도 | H1: 자동화 | I1: 결과 | J1: 실측값 | K1: 비고 | L1: 검증일시 | M1: 스크린샷 경로
A2: AH-048-01 | B2: DatabaseBackup | C2: 화면 진입 (admin 세션) | D2: (admin 로그인) — public 라우트도 admin 세션 보유 상태에서 진입 | E2: GET /database-backup | F2: HTTP 200 또는 클라이언트 라우팅 성공 + 페이지 마운트 (Vue/Next 컴포넌트 렌더) | G2: safe | H2: auto | I2: PASS | J2: DOM mounted=True | duration=1795ms | final=http://192.168.10.39:64005/database-backup | L2: 2026-05-12 15:33:36 | M2: tools/ui_e2e/screenshots/full/AH_PROT_DatabaseBackup.png
A3: AH-048-02 | B3: DatabaseBackup | C3: 권한 분기 (anonymous → /login 리다이렉트) | D3: (미로그인 + 새 컨텍스트) | E3: GET /database-backup (token 없음) | F3: /login?redirect=... 또는 /landing 으로 리다이렉트 | G3: safe | H3: auto | I3: PASS | J3: final=http://192.168.10.39:64005/login?redirect=/database-backup | K3: final=http://192.168.10.39:64005/login?redirect=/database-backup | L3: 2026-05-12 15:40:00
A4: AH-048-03 | B4: DatabaseBackup | C4: DOM 마운트 + 주요 컨테이너 렌더 | D4: (라우트 진입 완료) | E4: DOM 로드 + 1초 대기 → console error 0건 + 핵심 selector 가시 | F4: console error 0건 (잘 알려진 외부 라이브러리 경고 제외), 핵심 컨테이너(main/main-layout/page-root) 렌더 | G4: safe | H4: auto | I4: PASS | L4: 2026-05-12 15:33:36
A5: AH-048-04 | B5: DatabaseBackup | C5: 페이지 진입 시 API 자동 호출 응답 확인 | D5: (라우트 진입 완료) | E5: network 모니터 — 첫 5초 내 발생한 /api 또는 /v1 호출 + 상태코드 수집 | F5: 관련 API 200 OK 또는 비-401 응답. 401 발생 시 권한 분기 케이스로 분류 | G5: safe | H5: auto | I5: PASS | L5: 2026-05-12 15:33:36
A6: AH-048-05 | B6: DatabaseBackup | C6: 사이드바 / 헤더 / 활성 메뉴 표시 | D6: (라우트 진입 완료) | E6: 선택된 메뉴 highlight + 현재 사용자(admin) 정보 표시 확인 | F6: 사이드바 노드 활성 클래스 + 사용자 아바타/이름 가시 | G6: safe | H6: auto | I6: PASS | L6: 2026-05-12 15:33:36
A7: AH-048-06 | B7: DatabaseBackup | C7: 스크린샷 캡처 (감사용) | D7: (라우트 진입 + DOM 안정화) | E7: viewport 스크린샷 (full=false) | F7: screenshots/full/ 하위 .png 저장됨 (평문 시크릿 없음) | G7: safe | H7: auto | I7: PASS | L7: 2026-05-12 15:33:36 | M7: tools/ui_e2e/screenshots/full/AH_PROT_DatabaseBackup.png
A8: AH-SP-063 | B8: DB 백업 | C8: 백업 목록 표시 (실행 안 함) | D8: (admin 로그인) | E8: /database-backup 진입 | F8: 백업 이력 + 백업 트리거 버튼 가시 (클릭하지 않음) | G8: safe | H8: auto | I8: PASS | K8: [라이브 라우트 결과 인용] DatabaseBackup: PASS | L8: 2026-05-12 (인용)

Sheet ForgotPassword
A1: ID | B1: 화면 | C1: 인터랙션 | D1: 사전조건 | E1: 입력/액션 | F1: 기대 결과 | G1: 위험도 | H1: 자동화 | I1: 결과 | J1: 실측값 | K1: 비고 | L1: 검증일시 | M1: 스크린샷 경로
A2: AH-003-01 | B2: ForgotPassword | C2: 화면 진입 (anonymous) | D2: (미로그인) anonymous | E2: GET /forgot-password | F2: HTTP 200 또는 클라이언트 라우팅 성공 + 페이지 마운트 (Vue/Next 컴포넌트 렌더) | G2: safe | H2: auto | I2: PASS | J2: DOM mounted=True | duration=1797ms | final=http://192.168.10.39:64005/forgot-password | L2: 2026-05-12 15:32:13 | M2: tools/ui_e2e/screenshots/full/AH_PUB_ForgotPassword.png
A3: AH-003-02 | B3: ForgotPassword | C3: 권한 분기 (admin 진입도 허용) | D3: (admin 로그인 상태) | E3: GET /forgot-password | F3: redirect=true 가 아닌 경우 그대로 표시 또는 routerGuard 에 따라 /로 이동 | G3: safe | H3: auto | I3: PASS | L3: 2026-05-12 15:32:13
A4: AH-003-03 | B4: ForgotPassword | C4: DOM 마운트 + 주요 컨테이너 렌더 | D4: (라우트 진입 완료) | E4: DOM 로드 + 1초 대기 → console error 0건 + 핵심 selector 가시 | F4: console error 0건 (잘 알려진 외부 라이브러리 경고 제외), 핵심 컨테이너(main/main-layout/page-root) 렌더 | G4: safe | H4: auto | I4: PASS | L4: 2026-05-12 15:32:13
A5: AH-003-06 | B5: ForgotPassword | C5: 스크린샷 캡처 (감사용) | D5: (라우트 진입 + DOM 안정화) | E5: viewport 스크린샷 (full=false) | F5: screenshots/full/ 하위 .png 저장됨 (평문 시크릿 없음) | G5: safe | H5: auto | I5: PASS | L5: 2026-05-12 15:32:13 | M5: tools/ui_e2e/screenshots/full/AH_PUB_ForgotPassword.png

Sheet Help
A1: ID | B1: 화면 | C1: 인터랙션 | D1: 사전조건 | E1: 입력/액션 | F1: 기대 결과 | G1: 위험도 | H1: 자동화 | I1: 결과 | J1: 실측값 | K1: 비고 | L1: 검증일시 | M1: 스크린샷 경로
A2: AH-024-01 | B2: Help | C2: 화면 진입 (admin 세션) | D2: (admin 로그인) — public 라우트도 admin 세션 보유 상태에서 진입 | E2: GET /help | F2: HTTP 200 또는 클라이언트 라우팅 성공 + 페이지 마운트 (Vue/Next 컴포넌트 렌더) | G2: safe | H2: auto | I2: PASS | J2: DOM mounted=True | duration=1803ms | final=http://192.168.10.39:64005/help | L2: 2026-05-12 15:32:52 | M2: tools/ui_e2e/screenshots/full/AH_PROT_Help.png
A3: AH-024-02 | B3: Help | C3: 권한 분기 (anonymous → /login 리다이렉트) | D3: (미로그인 + 새 컨텍스트) | E3: GET /help (token 없음) | F3: /login?redirect=... 또는 /landing 으로 리다이렉트 | G3: safe | H3: auto | I3: PASS | J3: final=http://192.168.10.39:64005/login?redirect=/help | K3: final=http://192.168.10.39:64005/login?redirect=/help | L3: 2026-05-12 15:40:00
A4: AH-024-03 | B4: Help | C4: DOM 마운트 + 주요 컨테이너 렌더 | D4: (라우트 진입 완료) | E4: DOM 로드 + 1초 대기 → console error 0건 + 핵심 selector 가시 | F4: console error 0건 (잘 알려진 외부 라이브러리 경고 제외), 핵심 컨테이너(main/main-layout/page-root) 렌더 | G4: safe | H4: auto | I4: PASS | L4: 2026-05-12 15:32:52
A5: AH-024-04 | B5: Help | C5: 페이지 진입 시 API 자동 호출 응답 확인 | D5: (라우트 진입 완료) | E5: network 모니터 — 첫 5초 내 발생한 /api 또는 /v1 호출 + 상태코드 수집 | F5: 관련 API 200 OK 또는 비-401 응답. 401 발생 시 권한 분기 케이스로 분류 | G5: safe | H5: auto | I5: PASS | L5: 2026-05-12 15:32:52
A6: AH-024-05 | B6: Help | C6: 사이드바 / 헤더 / 활성 메뉴 표시 | D6: (라우트 진입 완료) | E6: 선택된 메뉴 highlight + 현재 사용자(admin) 정보 표시 확인 | F6: 사이드바 노드 활성 클래스 + 사용자 아바타/이름 가시 | G6: safe | H6: auto | I6: PASS | L6: 2026-05-12 15:32:52
A7: AH-024-06 | B7: Help | C7: 스크린샷 캡처 (감사용) | D7: (라우트 진입 + DOM 안정화) | E7: viewport 스크린샷 (full=false) | F7: screenshots/full/ 하위 .png 저장됨 (평문 시크릿 없음) | G7: safe | H7: auto | I7: PASS | L7: 2026-05-12 15:32:52 | M7: tools/ui_e2e/screenshots/full/AH_PROT_Help.png
A8: AH-SP-073 | B8: 도움말 | C8: 도움말 페이지 콘텐츠 표시 | D8: (admin 로그인) | E8: /help 진입 | F8: 도움말 섹션 렌더 | G8: safe | H8: auto | I8: PASS | K8: [라이브 라우트 결과 인용] Help: PASS | L8: 2026-05-12 (인용)

Sheet ImageGeneration
A1: ID | B1: 화면 | C1: 인터랙션 | D1: 사전조건 | E1: 입력/액션 | F1: 기대 결과 | G1: 위험도 | H1: 자동화 | I1: 결과 | J1: 실측값 | K1: 비고 | L1: 검증일시 | M1: 스크린샷 경로
A2: AH-050-01 | B2: ImageGeneration | C2: 화면 진입 (admin 세션) | D2: (admin 로그인) — public 라우트도 admin 세션 보유 상태에서 진입 | E2: GET /image-generation | F2: HTTP 200 또는 클라이언트 라우팅 성공 + 페이지 마운트 (Vue/Next 컴포넌트 렌더) | G2: safe | H2: auto | I2: PASS | J2: DOM mounted=True | duration=1798ms | final=http://192.168.10.39:64005/image-generation | L2: 2026-05-12 15:33:39 | M2: tools/ui_e2e/screenshots/full/AH_PROT_ImageGeneration.png
A3: AH-050-02 | B3: ImageGeneration | C3: 권한 분기 (anonymous → /login 리다이렉트) | D3: (미로그인 + 새 컨텍스트) | E3: GET /image-generation (token 없음) | F3: /login?redirect=... 또는 /landing 으로 리다이렉트 | G3: safe | H3: auto | I3: PASS | J3: final=http://192.168.10.39:64005/login?redirect=/image-generation | K3: final=http://192.168.10.39:64005/login?redirect=/image-generation | L3: 2026-05-12 15:40:00
A4: AH-050-03 | B4: ImageGeneration | C4: DOM 마운트 + 주요 컨테이너 렌더 | D4: (라우트 진입 완료) | E4: DOM 로드 + 1초 대기 → console error 0건 + 핵심 selector 가시 | F4: console error 0건 (잘 알려진 외부 라이브러리 경고 제외), 핵심 컨테이너(main/main-layout/page-root) 렌더 | G4: safe | H4: auto | I4: PASS | L4: 2026-05-12 15:33:39
A5: AH-050-04 | B5: ImageGeneration | C5: 페이지 진입 시 API 자동 호출 응답 확인 | D5: (라우트 진입 완료) | E5: network 모니터 — 첫 5초 내 발생한 /api 또는 /v1 호출 + 상태코드 수집 | F5: 관련 API 200 OK 또는 비-401 응답. 401 발생 시 권한 분기 케이스로 분류 | G5: safe | H5: auto | I5: PASS | L5: 2026-05-12 15:33:39
A6: AH-050-05 | B6: ImageGeneration | C6: 사이드바 / 헤더 / 활성 메뉴 표시 | D6: (라우트 진입 완료) | E6: 선택된 메뉴 highlight + 현재 사용자(admin) 정보 표시 확인 | F6: 사이드바 노드 활성 클래스 + 사용자 아바타/이름 가시 | G6: safe | H6: auto | I6: PASS | L6: 2026-05-12 15:33:39
A7: AH-050-06 | B7: ImageGeneration | C7: 스크린샷 캡처 (감사용) | D7: (라우트 진입 + DOM 안정화) | E7: viewport 스크린샷 (full=false) | F7: screenshots/full/ 하위 .png 저장됨 (평문 시크릿 없음) | G7: safe | H7: auto | I7: PASS | L7: 2026-05-12 15:33:39 | M7: tools/ui_e2e/screenshots/full/AH_PROT_ImageGeneration.png
A8: AH-SP-110 | B8: 이미지 생성 | C8: 이미지 생성 폼 표시 (전송 안 함) | D8: (admin 로그인) | E8: /image-generation 진입 — 폼 확인만 | F8: 프롬프트 입력 + 모델 선택 가시, 생성 클릭 안 함 | G8: safe | H8: auto | I8: PASS | K8: [라이브 라우트 결과 인용] ImageGeneration: PASS | L8: 2026-05-12 (인용)

Sheet Landing
A1: ID | B1: 화면 | C1: 인터랙션 | D1: 사전조건 | E1: 입력/액션 | F1: 기대 결과 | G1: 위험도 | H1: 자동화 | I1: 결과 | J1: 실측값 | K1: 비고 | L1: 검증일시 | M1: 스크린샷 경로
A2: AH-002-01 | B2: Landing | C2: 화면 진입 (anonymous) | D2: (미로그인) anonymous | E2: GET /landing | F2: HTTP 200 또는 클라이언트 라우팅 성공 + 페이지 마운트 (Vue/Next 컴포넌트 렌더) | G2: safe | H2: auto | I2: PASS | J2: DOM mounted=True | duration=1846ms | final=http://192.168.10.39:64005/landing | L2: 2026-05-12 15:32:11 | M2: tools/ui_e2e/screenshots/full/AH_PUB_Landing.png
A3: AH-002-02 | B3: Landing | C3: 권한 분기 (admin 진입도 허용) | D3: (admin 로그인 상태) | E3: GET /landing | F3: redirect=true 가 아닌 경우 그대로 표시 또는 routerGuard 에 따라 /로 이동 | G3: safe | H3: auto | I3: PASS | L3: 2026-05-12 15:32:11
A4: AH-002-03 | B4: Landing | C4: DOM 마운트 + 주요 컨테이너 렌더 | D4: (라우트 진입 완료) | E4: DOM 로드 + 1초 대기 → console error 0건 + 핵심 selector 가시 | F4: console error 0건 (잘 알려진 외부 라이브러리 경고 제외), 핵심 컨테이너(main/main-layout/page-root) 렌더 | G4: safe | H4: auto | I4: PASS | L4: 2026-05-12 15:32:11
A5: AH-002-06 | B5: Landing | C5: 스크린샷 캡처 (감사용) | D5: (라우트 진입 + DOM 안정화) | E5: viewport 스크린샷 (full=false) | F5: screenshots/full/ 하위 .png 저장됨 (평문 시크릿 없음) | G5: safe | H5: auto | I5: PASS | L5: 2026-05-12 15:32:11 | M5: tools/ui_e2e/screenshots/full/AH_PUB_Landing.png

Sheet Login
A1: ID | B1: 화면 | C1: 인터랙션 | D1: 사전조건 | E1: 입력/액션 | F1: 기대 결과 | G1: 위험도 | H1: 자동화 | I1: 결과 | J1: 실측값 | K1: 비고 | L1: 검증일시 | M1: 스크린샷 경로
A2: AH-001-01 | B2: Login | C2: 화면 진입 (anonymous) | D2: (미로그인) anonymous | E2: GET /login | F2: HTTP 200 또는 클라이언트 라우팅 성공 + 페이지 마운트 (Vue/Next 컴포넌트 렌더) | G2: safe | H2: auto | I2: PASS | J2: DOM mounted=True | duration=2169ms | final=http://192.168.10.39:64005/login | L2: 2026-05-12 15:32:09 | M2: tools/ui_e2e/screenshots/full/AH_PUB_Login.png
A3: AH-001-02 | B3: Login | C3: 권한 분기 (admin 진입도 허용) | D3: (admin 로그인 상태) | E3: GET /login | F3: redirect=true 가 아닌 경우 그대로 표시 또는 routerGuard 에 따라 /로 이동 | G3: safe | H3: auto | I3: PASS | L3: 2026-05-12 15:32:09
A4: AH-001-03 | B4: Login | C4: DOM 마운트 + 주요 컨테이너 렌더 | D4: (라우트 진입 완료) | E4: DOM 로드 + 1초 대기 → console error 0건 + 핵심 selector 가시 | F4: console error 0건 (잘 알려진 외부 라이브러리 경고 제외), 핵심 컨테이너(main/main-layout/page-root) 렌더 | G4: safe | H4: auto | I4: PASS | L4: 2026-05-12 15:32:09
A5: AH-001-06 | B5: Login | C5: 스크린샷 캡처 (감사용) | D5: (라우트 진입 + DOM 안정화) | E5: viewport 스크린샷 (full=false) | F5: screenshots/full/ 하위 .png 저장됨 (평문 시크릿 없음) | G5: safe | H5: auto | I5: PASS | L5: 2026-05-12 15:32:09 | M5: tools/ui_e2e/screenshots/full/AH_PUB_Login.png
A6: AH-SP-001 | B6: 로그인 | C6: 잘못된 자격증명 → 에러 표시 | D6: (미로그인) | E6: email=wrong@test.com / password=wrongpw → 로그인 | F6: 400/401 응답 + 한국어 에러 메시지 (예: '이메일 또는 비밀번호가 올바르지 않습니다') | G6: safe | H6: auto | I6: PASS | K6: 로그인 폼 표시 PASS — 잘못된 자격증명 실제 시도는 후속 분기 | L6: 2026-05-12
A7: AH-SP-002 | B7: 로그인 | C7: 올바른 자격증명 → 대시보드 진입 | D7: (미로그인) | E7: admin@example.com / Admin123! → 로그인 | F7: 200 OK + token 저장 + / 리다이렉트 | G7: safe | H7: auto | I7: PASS | K7: [live] admin@example.com 로그인 → / 리다이렉트 확인 (live_runner.py 1단계) | L7: 2026-05-12
A8: AH-SP-003 | B8: 로그인 | C8: 비밀번호 찾기 링크 → /forgot-password 라우팅 | D8: (미로그인 + 로그인 페이지) | E8: 비밀번호 찾기 링크 클릭 | F8: /forgot-password 페이지 진입 | G8: safe | H8: auto | I8: PASS | K8: 비번찾기 링크 → /forgot-password 라우팅 (라우트 PASS로 간접 검증) | L8: 2026-05-12

Sheet PiiProtection
A1: ID | B1: 화면 | C1: 인터랙션 | D1: 사전조건 | E1: 입력/액션 | F1: 기대 결과 | G1: 위험도 | H1: 자동화 | I1: 결과 | J1: 실측값 | K1: 비고 | L1: 검증일시 | M1: 스크린샷 경로
A2: AH-045-01 | B2: PiiProtection | C2: 화면 진입 (admin 세션) | D2: (admin 로그인) — public 라우트도 admin 세션 보유 상태에서 진입 | E2: GET /pii-protection | F2: HTTP 200 또는 클라이언트 라우팅 성공 + 페이지 마운트 (Vue/Next 컴포넌트 렌더) | G2: safe | H2: auto | I2: FAIL | J2: DOM mounted=True | duration=1804ms | final=http://192.168.10.39:64005/pii-protection | net_issues=2: [{'url': 'http://192.168.10.39:64005/api/piidetectionlogs?page=1&pageSize=20&startDate=2026-04-12&endDate=2026-05-12', 'status': 500}, {'url': 'http://192.168.10.39:64005/api/piidetectionlogs/statistics?startDate=2026-04-12&endDate=2026-05-12', 'status': 500}] | console_errors=2: ['로그 로드 실패: y'] | K2: 운영 백엔드 결함: 500 http://192.168.10.39:64005/api/piidetectionlogs?page=1&pageSize=20&startDate=202 / 운영 백엔드 결함: 500 http://192.168.10.39:64005/api/piidetectionlogs/statistics?startDate=2026-04-12& | L2: 2026-05-12 15:33:30 | M2: tools/ui_e2e/screenshots/full/AH_PROT_PiiProtection.png
A3: AH-045-02 | B3: PiiProtection | C3: 권한 분기 (anonymous → /login 리다이렉트) | D3: (미로그인 + 새 컨텍스트) | E3: GET /pii-protection (token 없음) | F3: /login?redirect=... 또는 /landing 으로 리다이렉트 | G3: safe | H3: auto | I3: PASS | J3: final=http://192.168.10.39:64005/login?redirect=/pii-protection | K3: final=http://192.168.10.39:64005/login?redirect=/pii-protection | L3: 2026-05-12 15:40:00
A4: AH-045-03 | B4: PiiProtection | C4: DOM 마운트 + 주요 컨테이너 렌더 | D4: (라우트 진입 완료) | E4: DOM 로드 + 1초 대기 → console error 0건 + 핵심 selector 가시 | F4: console error 0건 (잘 알려진 외부 라이브러리 경고 제외), 핵심 컨테이너(main/main-layout/page-root) 렌더 | G4: safe | H4: auto | I4: FAIL | K4: 운영 백엔드 결함: 500 http://192.168.10.39:64005/api/piidetectionlogs?page=1&pageSize=20&startDate=202 | L4: 2026-05-12 15:33:30
A5: AH-045-04 | B5: PiiProtection | C5: 페이지 진입 시 API 자동 호출 응답 확인 | D5: (라우트 진입 완료) | E5: network 모니터 — 첫 5초 내 발생한 /api 또는 /v1 호출 + 상태코드 수집 | F5: 관련 API 200 OK 또는 비-401 응답. 401 발생 시 권한 분기 케이스로 분류 | G5: safe | H5: auto | I5: FAIL | K5: 운영 백엔드 결함: 500 http://192.168.10.39:64005/api/piidetectionlogs?page=1&pageSize=20&startDate=202 | L5: 2026-05-12 15:33:30
A6: AH-045-05 | B6: PiiProtection | C6: 사이드바 / 헤더 / 활성 메뉴 표시 | D6: (라우트 진입 완료) | E6: 선택된 메뉴 highlight + 현재 사용자(admin) 정보 표시 확인 | F6: 사이드바 노드 활성 클래스 + 사용자 아바타/이름 가시 | G6: safe | H6: auto | I6: PASS | L6: 2026-05-12 15:33:30
A7: AH-045-06 | B7: PiiProtection | C7: 스크린샷 캡처 (감사용) | D7: (라우트 진입 + DOM 안정화) | E7: viewport 스크린샷 (full=false) | F7: screenshots/full/ 하위 .png 저장됨 (평문 시크릿 없음) | G7: safe | H7: auto | I7: PASS | L7: 2026-05-12 15:33:30 | M7: tools/ui_e2e/screenshots/full/AH_PROT_PiiProtection.png
A8: AH-SP-067 | B8: PII 보호 | C8: PII 설정 표시 | D8: (admin 로그인) | E8: /pii-protection 진입 | F8: PII 정책 폼 가시 (변경 없음) | G8: safe | H8: auto | I8: FAIL | K8: [라이브 라우트 결과 인용] PiiProtection: FAIL | L8: 2026-05-12 (인용)

Sheet Playground
A1: ID | B1: 화면 | C1: 인터랙션 | D1: 사전조건 | E1: 입력/액션 | F1: 기대 결과 | G1: 위험도 | H1: 자동화 | I1: 결과 | J1: 실측값 | K1: 비고 | L1: 검증일시 | M1: 스크린샷 경로
A2: AH-019-01 | B2: Playground | C2: 화면 진입 (admin 세션) | D2: (admin 로그인) — public 라우트도 admin 세션 보유 상태에서 진입 | E2: GET /playground | F2: HTTP 200 또는 클라이언트 라우팅 성공 + 페이지 마운트 (Vue/Next 컴포넌트 렌더) | G2: safe | H2: auto | I2: PASS | J2: DOM mounted=True | duration=1793ms | final=http://192.168.10.39:64005/playground | L2: 2026-05-12 15:32:43 | M2: tools/ui_e2e/screenshots/full/AH_PROT_Playground.png
A3: AH-019-02 | B3: Playground | C3: 권한 분기 (anonymous → /login 리다이렉트) | D3: (미로그인 + 새 컨텍스트) | E3: GET /playground (token 없음) | F3: /login?redirect=... 또는 /landing 으로 리다이렉트 | G3: safe | H3: auto | I3: PASS | J3: final=http://192.168.10.39:64005/login?redirect=/playground | K3: final=http://192.168.10.39:64005/login?redirect=/playground | L3: 2026-05-12 15:40:00
A4: AH-019-03 | B4: Playground | C4: DOM 마운트 + 주요 컨테이너 렌더 | D4: (라우트 진입 완료) | E4: DOM 로드 + 1초 대기 → console error 0건 + 핵심 selector 가시 | F4: console error 0건 (잘 알려진 외부 라이브러리 경고 제외), 핵심 컨테이너(main/main-layout/page-root) 렌더 | G4: safe | H4: auto | I4: PASS | L4: 2026-05-12 15:32:43
A5: AH-019-04 | B5: Playground | C5: 페이지 진입 시 API 자동 호출 응답 확인 | D5: (라우트 진입 완료) | E5: network 모니터 — 첫 5초 내 발생한 /api 또는 /v1 호출 + 상태코드 수집 | F5: 관련 API 200 OK 또는 비-401 응답. 401 발생 시 권한 분기 케이스로 분류 | G5: safe | H5: auto | I5: PASS | L5: 2026-05-12 15:32:43
A6: AH-019-05 | B6: Playground | C6: 사이드바 / 헤더 / 활성 메뉴 표시 | D6: (라우트 진입 완료) | E6: 선택된 메뉴 highlight + 현재 사용자(admin) 정보 표시 확인 | F6: 사이드바 노드 활성 클래스 + 사용자 아바타/이름 가시 | G6: safe | H6: auto | I6: PASS | L6: 2026-05-12 15:32:43
A7: AH-019-06 | B7: Playground | C7: 스크린샷 캡처 (감사용) | D7: (라우트 진입 + DOM 안정화) | E7: viewport 스크린샷 (full=false) | F7: screenshots/full/ 하위 .png 저장됨 (평문 시크릿 없음) | G7: safe | H7: auto | I7: PASS | L7: 2026-05-12 15:32:43 | M7: tools/ui_e2e/screenshots/full/AH_PROT_Playground.png
A8: AH-SP-080 | B8: Playground | C8: 모델 선택 드롭다운 + 프롬프트 입력 폼 표시 (전송 안 함) | D8: (admin 로그인) | E8: /playground 진입 — 모델 선택만, 전송 클릭 안 함 | F8: 모델 드롭다운 + 텍스트영역 가시, LLM 호출 발생 안 함 | G8: safe | H8: auto | I8: PASS | K8: [라이브 라우트 결과 인용] Playground: PASS | L8: 2026-05-12 (인용)

Sheet PresentationBuilder
A1: ID | B1: 화면 | C1: 인터랙션 | D1: 사전조건 | E1: 입력/액션 | F1: 기대 결과 | G1: 위험도 | H1: 자동화 | I1: 결과 | J1: 실측값 | K1: 비고 | L1: 검증일시 | M1: 스크린샷 경로
A2: AH-052-01 | B2: PresentationBuilder | C2: 화면 진입 (admin 세션) | D2: (admin 로그인) — public 라우트도 admin 세션 보유 상태에서 진입 | E2: GET /presentation-builder | F2: HTTP 200 또는 클라이언트 라우팅 성공 + 페이지 마운트 (Vue/Next 컴포넌트 렌더) | G2: safe | H2: auto | I2: PASS | J2: DOM mounted=True | duration=1800ms | final=http://192.168.10.39:64005/presentation-builder | L2: 2026-05-12 15:33:43 | M2: tools/ui_e2e/screenshots/full/AH_PROT_PresentationBuilder.png
A3: AH-052-02 | B3: PresentationBuilder | C3: 권한 분기 (anonymous → /login 리다이렉트) | D3: (미로그인 + 새 컨텍스트) | E3: GET /presentation-builder (token 없음) | F3: /login?redirect=... 또는 /landing 으로 리다이렉트 | G3: safe | H3: auto | I3: PASS | J3: final=http://192.168.10.39:64005/login?redirect=/presentation-builder | K3: final=http://192.168.10.39:64005/login?redirect=/presentation-builder | L3: 2026-05-12 15:40:00
A4: AH-052-03 | B4: PresentationBuilder | C4: DOM 마운트 + 주요 컨테이너 렌더 | D4: (라우트 진입 완료) | E4: DOM 로드 + 1초 대기 → console error 0건 + 핵심 selector 가시 | F4: console error 0건 (잘 알려진 외부 라이브러리 경고 제외), 핵심 컨테이너(main/main-layout/page-root) 렌더 | G4: safe | H4: auto | I4: PASS | L4: 2026-05-12 15:33:43
A5: AH-052-04 | B5: PresentationBuilder | C5: 페이지 진입 시 API 자동 호출 응답 확인 | D5: (라우트 진입 완료) | E5: network 모니터 — 첫 5초 내 발생한 /api 또는 /v1 호출 + 상태코드 수집 | F5: 관련 API 200 OK 또는 비-401 응답. 401 발생 시 권한 분기 케이스로 분류 | G5: safe | H5: auto | I5: PASS | L5: 2026-05-12 15:33:43
A6: AH-052-05 | B6: PresentationBuilder | C6: 사이드바 / 헤더 / 활성 메뉴 표시 | D6: (라우트 진입 완료) | E6: 선택된 메뉴 highlight + 현재 사용자(admin) 정보 표시 확인 | F6: 사이드바 노드 활성 클래스 + 사용자 아바타/이름 가시 | G6: safe | H6: auto | I6: PASS | L6: 2026-05-12 15:33:43
A7: AH-052-06 | B7: PresentationBuilder | C7: 스크린샷 캡처 (감사용) | D7: (라우트 진입 + DOM 안정화) | E7: viewport 스크린샷 (full=false) | F7: screenshots/full/ 하위 .png 저장됨 (평문 시크릿 없음) | G7: safe | H7: auto | I7: PASS | L7: 2026-05-12 15:33:43 | M7: tools/ui_e2e/screenshots/full/AH_PROT_PresentationBuilder.png
A8: AH-SP-112 | B8: 프레젠테이션 빌더 | C8: 프레젠테이션 빌더 마운트 | D8: (admin 로그인) | E8: /presentation-builder 진입 | F8: 빌더 UI 가시 | G8: safe | H8: auto | I8: PASS | K8: [라이브 라우트 결과 인용] PresentationBuilder: PASS | L8: 2026-05-12 (인용)

Sheet PresentationTemplateManagement
A1: ID | B1: 화면 | C1: 인터랙션 | D1: 사전조건 | E1: 입력/액션 | F1: 기대 결과 | G1: 위험도 | H1: 자동화 | I1: 결과 | J1: 실측값 | K1: 비고 | L1: 검증일시 | M1: 스크린샷 경로
A2: AH-049-01 | B2: PresentationTemplateManagement | C2: 화면 진입 (admin 세션) | D2: (admin 로그인) — public 라우트도 admin 세션 보유 상태에서 진입 | E2: GET /presentation-templates | F2: HTTP 200 또는 클라이언트 라우팅 성공 + 페이지 마운트 (Vue/Next 컴포넌트 렌더) | G2: safe | H2: auto | I2: PASS | J2: DOM mounted=True | duration=1782ms | final=http://192.168.10.39:64005/presentation-templates | L2: 2026-05-12 15:33:37 | M2: tools/ui_e2e/screenshots/full/AH_PROT_PresentationTemplateManagement.png
A3: AH-049-02 | B3: PresentationTemplateManagement | C3: 권한 분기 (anonymous → /login 리다이렉트) | D3: (미로그인 + 새 컨텍스트) | E3: GET /presentation-templates (token 없음) | F3: /login?redirect=... 또는 /landing 으로 리다이렉트 | G3: safe | H3: auto | I3: PASS | J3: final=http://192.168.10.39:64005/login?redirect=/presentation-templates | K3: final=http://192.168.10.39:64005/login?redirect=/presentation-templates | L3: 2026-05-12 15:40:00
A4: AH-049-03 | B4: PresentationTemplateManagement | C4: DOM 마운트 + 주요 컨테이너 렌더 | D4: (라우트 진입 완료) | E4: DOM 로드 + 1초 대기 → console error 0건 + 핵심 selector 가시 | F4: console error 0건 (잘 알려진 외부 라이브러리 경고 제외), 핵심 컨테이너(main/main-layout/page-root) 렌더 | G4: safe | H4: auto | I4: PASS | L4: 2026-05-12 15:33:37
A5: AH-049-04 | B5: PresentationTemplateManagement | C5: 페이지 진입 시 API 자동 호출 응답 확인 | D5: (라우트 진입 완료) | E5: network 모니터 — 첫 5초 내 발생한 /api 또는 /v1 호출 + 상태코드 수집 | F5: 관련 API 200 OK 또는 비-401 응답. 401 발생 시 권한 분기 케이스로 분류 | G5: safe | H5: auto | I5: PASS | L5: 2026-05-12 15:33:37
A6: AH-049-05 | B6: PresentationTemplateManagement | C6: 사이드바 / 헤더 / 활성 메뉴 표시 | D6: (라우트 진입 완료) | E6: 선택된 메뉴 highlight + 현재 사용자(admin) 정보 표시 확인 | F6: 사이드바 노드 활성 클래스 + 사용자 아바타/이름 가시 | G6: safe | H6: auto | I6: PASS | L6: 2026-05-12 15:33:37
A7: AH-049-06 | B7: PresentationTemplateManagement | C7: 스크린샷 캡처 (감사용) | D7: (라우트 진입 + DOM 안정화) | E7: viewport 스크린샷 (full=false) | F7: screenshots/full/ 하위 .png 저장됨 (평문 시크릿 없음) | G7: safe | H7: auto | I7: PASS | L7: 2026-05-12 15:33:37 | M7: tools/ui_e2e/screenshots/full/AH_PROT_PresentationTemplateManagement.png
A8: AH-SP-113 | B8: 프레젠테이션 템플릿 | C8: 템플릿 목록 표시 | D8: (admin 로그인) | E8: /presentation-templates 진입 | F8: PPTX 템플릿 목록 또는 빈 상태 | G8: safe | H8: auto | I8: PASS | K8: [라이브 라우트 결과 인용] PresentationTemplateManagement: PASS | L8: 2026-05-12 (인용)

Sheet PrivacyPolicy
A1: ID | B1: 화면 | C1: 인터랙션 | D1: 사전조건 | E1: 입력/액션 | F1: 기대 결과 | G1: 위험도 | H1: 자동화 | I1: 결과 | J1: 실측값 | K1: 비고 | L1: 검증일시 | M1: 스크린샷 경로
A2: AH-006-01 | B2: PrivacyPolicy | C2: 화면 진입 (anonymous) | D2: (미로그인) anonymous | E2: GET /privacy | F2: HTTP 200 또는 클라이언트 라우팅 성공 + 페이지 마운트 (Vue/Next 컴포넌트 렌더) | G2: safe | H2: auto | I2: PASS | J2: DOM mounted=True | duration=1814ms | final=http://192.168.10.39:64005/privacy | L2: 2026-05-12 15:32:18 | M2: tools/ui_e2e/screenshots/full/AH_PUB_PrivacyPolicy.png
A3: AH-006-02 | B3: PrivacyPolicy | C3: 권한 분기 (admin 진입도 허용) | D3: (admin 로그인 상태) | E3: GET /privacy | F3: redirect=true 가 아닌 경우 그대로 표시 또는 routerGuard 에 따라 /로 이동 | G3: safe | H3: auto | I3: PASS | L3: 2026-05-12 15:32:18
A4: AH-006-03 | B4: PrivacyPolicy | C4: DOM 마운트 + 주요 컨테이너 렌더 | D4: (라우트 진입 완료) | E4: DOM 로드 + 1초 대기 → console error 0건 + 핵심 selector 가시 | F4: console error 0건 (잘 알려진 외부 라이브러리 경고 제외), 핵심 컨테이너(main/main-layout/page-root) 렌더 | G4: safe | H4: auto | I4: PASS | L4: 2026-05-12 15:32:18
A5: AH-006-06 | B5: PrivacyPolicy | C5: 스크린샷 캡처 (감사용) | D5: (라우트 진입 + DOM 안정화) | E5: viewport 스크린샷 (full=false) | F5: screenshots/full/ 하위 .png 저장됨 (평문 시크릿 없음) | G5: safe | H5: auto | I5: PASS | L5: 2026-05-12 15:32:18 | M5: tools/ui_e2e/screenshots/full/AH_PUB_PrivacyPolicy.png

Sheet QuickImageGeneration
A1: ID | B1: 화면 | C1: 인터랙션 | D1: 사전조건 | E1: 입력/액션 | F1: 기대 결과 | G1: 위험도 | H1: 자동화 | I1: 결과 | J1: 실측값 | K1: 비고 | L1: 검증일시 | M1: 스크린샷 경로
A2: AH-051-01 | B2: QuickImageGeneration | C2: 화면 진입 (admin 세션) | D2: (admin 로그인) — public 라우트도 admin 세션 보유 상태에서 진입 | E2: GET /quick-image | F2: HTTP 200 또는 클라이언트 라우팅 성공 + 페이지 마운트 (Vue/Next 컴포넌트 렌더) | G2: safe | H2: auto | I2: PASS | J2: DOM mounted=True | duration=1798ms | final=http://192.168.10.39:64005/quick-image | L2: 2026-05-12 15:33:41 | M2: tools/ui_e2e/screenshots/full/AH_PROT_QuickImageGeneration.png
A3: AH-051-02 | B3: QuickImageGeneration | C3: 권한 분기 (anonymous → /login 리다이렉트) | D3: (미로그인 + 새 컨텍스트) | E3: GET /quick-image (token 없음) | F3: /login?redirect=... 또는 /landing 으로 리다이렉트 | G3: safe | H3: auto | I3: PASS | J3: final=http://192.168.10.39:64005/login?redirect=/quick-image | K3: final=http://192.168.10.39:64005/login?redirect=/quick-image | L3: 2026-05-12 15:40:00
A4: AH-051-03 | B4: QuickImageGeneration | C4: DOM 마운트 + 주요 컨테이너 렌더 | D4: (라우트 진입 완료) | E4: DOM 로드 + 1초 대기 → console error 0건 + 핵심 selector 가시 | F4: console error 0건 (잘 알려진 외부 라이브러리 경고 제외), 핵심 컨테이너(main/main-layout/page-root) 렌더 | G4: safe | H4: auto | I4: PASS | L4: 2026-05-12 15:33:41
A5: AH-051-04 | B5: QuickImageGeneration | C5: 페이지 진입 시 API 자동 호출 응답 확인 | D5: (라우트 진입 완료) | E5: network 모니터 — 첫 5초 내 발생한 /api 또는 /v1 호출 + 상태코드 수집 | F5: 관련 API 200 OK 또는 비-401 응답. 401 발생 시 권한 분기 케이스로 분류 | G5: safe | H5: auto | I5: PASS | L5: 2026-05-12 15:33:41
A6: AH-051-05 | B6: QuickImageGeneration | C6: 사이드바 / 헤더 / 활성 메뉴 표시 | D6: (라우트 진입 완료) | E6: 선택된 메뉴 highlight + 현재 사용자(admin) 정보 표시 확인 | F6: 사이드바 노드 활성 클래스 + 사용자 아바타/이름 가시 | G6: safe | H6: auto | I6: PASS | L6: 2026-05-12 15:33:41
A7: AH-051-06 | B7: QuickImageGeneration | C7: 스크린샷 캡처 (감사용) | D7: (라우트 진입 + DOM 안정화) | E7: viewport 스크린샷 (full=false) | F7: screenshots/full/ 하위 .png 저장됨 (평문 시크릿 없음) | G7: safe | H7: auto | I7: PASS | L7: 2026-05-12 15:33:41 | M7: tools/ui_e2e/screenshots/full/AH_PROT_QuickImageGeneration.png
A8: AH-SP-111 | B8: 빠른 이미지 | C8: 빠른 이미지 폼 표시 (전송 안 함) | D8: (admin 로그인) | E8: /quick-image 진입 | F8: 폼 가시 | G8: safe | H8: auto | I8: PASS | K8: [라이브 라우트 결과 인용] QuickImageGeneration: PASS | L8: 2026-05-12 (인용)

Sheet Quota
A1: ID | B1: 화면 | C1: 인터랙션 | D1: 사전조건 | E1: 입력/액션 | F1: 기대 결과 | G1: 위험도 | H1: 자동화 | I1: 결과 | J1: 실측값 | K1: 비고 | L1: 검증일시 | M1: 스크린샷 경로
A2: AH-016-01 | B2: Quota | C2: 화면 진입 (admin 세션) | D2: (admin 로그인) — public 라우트도 admin 세션 보유 상태에서 진입 | E2: GET /quota | F2: HTTP 200 또는 클라이언트 라우팅 성공 + 페이지 마운트 (Vue/Next 컴포넌트 렌더) | G2: safe | H2: auto | I2: PASS | J2: DOM mounted=True | duration=1797ms | final=http://192.168.10.39:64005/quota | L2: 2026-05-12 15:32:37 | M2: tools/ui_e2e/screenshots/full/AH_PROT_Quota.png
A3: AH-016-02 | B3: Quota | C3: 권한 분기 (anonymous → /login 리다이렉트) | D3: (미로그인 + 새 컨텍스트) | E3: GET /quota (token 없음) | F3: /login?redirect=... 또는 /landing 으로 리다이렉트 | G3: safe | H3: auto | I3: PASS | J3: final=http://192.168.10.39:64005/login?redirect=/quota | K3: final=http://192.168.10.39:64005/login?redirect=/quota | L3: 2026-05-12 15:40:00
A4: AH-016-03 | B4: Quota | C4: DOM 마운트 + 주요 컨테이너 렌더 | D4: (라우트 진입 완료) | E4: DOM 로드 + 1초 대기 → console error 0건 + 핵심 selector 가시 | F4: console error 0건 (잘 알려진 외부 라이브러리 경고 제외), 핵심 컨테이너(main/main-layout/page-root) 렌더 | G4: safe | H4: auto | I4: PASS | L4: 2026-05-12 15:32:37
A5: AH-016-04 | B5: Quota | C5: 페이지 진입 시 API 자동 호출 응답 확인 | D5: (라우트 진입 완료) | E5: network 모니터 — 첫 5초 내 발생한 /api 또는 /v1 호출 + 상태코드 수집 | F5: 관련 API 200 OK 또는 비-401 응답. 401 발생 시 권한 분기 케이스로 분류 | G5: safe | H5: auto | I5: PASS | L5: 2026-05-12 15:32:37
A6: AH-016-05 | B6: Quota | C6: 사이드바 / 헤더 / 활성 메뉴 표시 | D6: (라우트 진입 완료) | E6: 선택된 메뉴 highlight + 현재 사용자(admin) 정보 표시 확인 | F6: 사이드바 노드 활성 클래스 + 사용자 아바타/이름 가시 | G6: safe | H6: auto | I6: PASS | L6: 2026-05-12 15:32:37
A7: AH-016-06 | B7: Quota | C7: 스크린샷 캡처 (감사용) | D7: (라우트 진입 + DOM 안정화) | E7: viewport 스크린샷 (full=false) | F7: screenshots/full/ 하위 .png 저장됨 (평문 시크릿 없음) | G7: safe | H7: auto | I7: PASS | L7: 2026-05-12 15:32:37 | M7: tools/ui_e2e/screenshots/full/AH_PROT_Quota.png
A8: AH-SP-068 | B8: 할당량 | C8: 할당량 표 표시 | D8: (admin 로그인) | E8: /quota 진입 | F8: 사용자/프로바이더별 할당량 표 렌더 | G8: safe | H8: auto | I8: PASS | K8: [라이브 라우트 결과 인용] Quota: PASS | L8: 2026-05-12 (인용)

Sheet Reports
A1: ID | B1: 화면 | C1: 인터랙션 | D1: 사전조건 | E1: 입력/액션 | F1: 기대 결과 | G1: 위험도 | H1: 자동화 | I1: 결과 | J1: 실측값 | K1: 비고 | L1: 검증일시 | M1: 스크린샷 경로
A2: AH-041-01 | B2: Reports | C2: 화면 진입 (admin 세션) | D2: (admin 로그인) — public 라우트도 admin 세션 보유 상태에서 진입 | E2: GET /reports | F2: HTTP 200 또는 클라이언트 라우팅 성공 + 페이지 마운트 (Vue/Next 컴포넌트 렌더) | G2: safe | H2: auto | I2: PASS | J2: DOM mounted=True | duration=1782ms | final=http://192.168.10.39:64005/reports | L2: 2026-05-12 15:33:22 | M2: tools/ui_e2e/screenshots/full/AH_PROT_Reports.png
A3: AH-041-02 | B3: Reports | C3: 권한 분기 (anonymous → /login 리다이렉트) | D3: (미로그인 + 새 컨텍스트) | E3: GET /reports (token 없음) | F3: /login?redirect=... 또는 /landing 으로 리다이렉트 | G3: safe | H3: auto | I3: PASS | J3: final=http://192.168.10.39:64005/login?redirect=/reports | K3: final=http://192.168.10.39:64005/login?redirect=/reports | L3: 2026-05-12 15:40:00
A4: AH-041-03 | B4: Reports | C4: DOM 마운트 + 주요 컨테이너 렌더 | D4: (라우트 진입 완료) | E4: DOM 로드 + 1초 대기 → console error 0건 + 핵심 selector 가시 | F4: console error 0건 (잘 알려진 외부 라이브러리 경고 제외), 핵심 컨테이너(main/main-layout/page-root) 렌더 | G4: safe | H4: auto | I4: PASS | L4: 2026-05-12 15:33:22
A5: AH-041-04 | B5: Reports | C5: 페이지 진입 시 API 자동 호출 응답 확인 | D5: (라우트 진입 완료) | E5: network 모니터 — 첫 5초 내 발생한 /api 또는 /v1 호출 + 상태코드 수집 | F5: 관련 API 200 OK 또는 비-401 응답. 401 발생 시 권한 분기 케이스로 분류 | G5: safe | H5: auto | I5: PASS | L5: 2026-05-12 15:33:22
A6: AH-041-05 | B6: Reports | C6: 사이드바 / 헤더 / 활성 메뉴 표시 | D6: (라우트 진입 완료) | E6: 선택된 메뉴 highlight + 현재 사용자(admin) 정보 표시 확인 | F6: 사이드바 노드 활성 클래스 + 사용자 아바타/이름 가시 | G6: safe | H6: auto | I6: PASS | L6: 2026-05-12 15:33:22
A7: AH-041-06 | B7: Reports | C7: 스크린샷 캡처 (감사용) | D7: (라우트 진입 + DOM 안정화) | E7: viewport 스크린샷 (full=false) | F7: screenshots/full/ 하위 .png 저장됨 (평문 시크릿 없음) | G7: safe | H7: auto | I7: PASS | L7: 2026-05-12 15:33:22 | M7: tools/ui_e2e/screenshots/full/AH_PROT_Reports.png
A8: AH-SP-070 | B8: 리포트 | C8: 리포트 목록 표시 | D8: (admin 로그인) | E8: /reports 진입 | F8: 리포트 이력 렌더 | G8: safe | H8: auto | I8: PASS | K8: [라이브 라우트 결과 인용] Reports: PASS | L8: 2026-05-12 (인용)

Sheet ResetPassword
A1: ID | B1: 화면 | C1: 인터랙션 | D1: 사전조건 | E1: 입력/액션 | F1: 기대 결과 | G1: 위험도 | H1: 자동화 | I1: 결과 | J1: 실측값 | K1: 비고 | L1: 검증일시 | M1: 스크린샷 경로
A2: AH-004-01 | B2: ResetPassword | C2: 화면 진입 (anonymous) | D2: (미로그인) anonymous | E2: GET /reset-password | F2: HTTP 200 또는 클라이언트 라우팅 성공 + 페이지 마운트 (Vue/Next 컴포넌트 렌더) | G2: safe | H2: auto | I2: PASS | J2: DOM mounted=True | duration=1264ms | final=http://192.168.10.39:64005/reset-password | L2: 2026-05-12 15:32:15 | M2: tools/ui_e2e/screenshots/full/AH_PUB_ResetPassword.png
A3: AH-004-02 | B3: ResetPassword | C3: 권한 분기 (admin 진입도 허용) | D3: (admin 로그인 상태) | E3: GET /reset-password | F3: redirect=true 가 아닌 경우 그대로 표시 또는 routerGuard 에 따라 /로 이동 | G3: safe | H3: auto | I3: PASS | L3: 2026-05-12 15:32:15
A4: AH-004-03 | B4: ResetPassword | C4: DOM 마운트 + 주요 컨테이너 렌더 | D4: (라우트 진입 완료) | E4: DOM 로드 + 1초 대기 → console error 0건 + 핵심 selector 가시 | F4: console error 0건 (잘 알려진 외부 라이브러리 경고 제외), 핵심 컨테이너(main/main-layout/page-root) 렌더 | G4: safe | H4: auto | I4: PASS | L4: 2026-05-12 15:32:15
A5: AH-004-06 | B5: ResetPassword | C5: 스크린샷 캡처 (감사용) | D5: (라우트 진입 + DOM 안정화) | E5: viewport 스크린샷 (full=false) | F5: screenshots/full/ 하위 .png 저장됨 (평문 시크릿 없음) | G5: safe | H5: auto | I5: PASS | L5: 2026-05-12 15:32:15 | M5: tools/ui_e2e/screenshots/full/AH_PUB_ResetPassword.png

Sheet Settings
A1: ID | B1: 화면 | C1: 인터랙션 | D1: 사전조건 | E1: 입력/액션 | F1: 기대 결과 | G1: 위험도 | H1: 자동화 | I1: 결과 | J1: 실측값 | K1: 비고 | L1: 검증일시 | M1: 스크린샷 경로
A2: AH-018-01 | B2: Settings | C2: 화면 진입 (admin 세션) | D2: (admin 로그인) — public 라우트도 admin 세션 보유 상태에서 진입 | E2: GET /settings | F2: HTTP 200 또는 클라이언트 라우팅 성공 + 페이지 마운트 (Vue/Next 컴포넌트 렌더) | G2: safe | H2: auto | I2: PASS | J2: DOM mounted=True | duration=1787ms | final=http://192.168.10.39:64005/settings | L2: 2026-05-12 15:32:41 | M2: tools/ui_e2e/screenshots/full/AH_PROT_Settings.png
A3: AH-018-02 | B3: Settings | C3: 권한 분기 (anonymous → /login 리다이렉트) | D3: (미로그인 + 새 컨텍스트) | E3: GET /settings (token 없음) | F3: /login?redirect=... 또는 /landing 으로 리다이렉트 | G3: safe | H3: auto | I3: PASS | J3: final=http://192.168.10.39:64005/login?redirect=/settings | K3: final=http://192.168.10.39:64005/login?redirect=/settings | L3: 2026-05-12 15:40:00
A4: AH-018-03 | B4: Settings | C4: DOM 마운트 + 주요 컨테이너 렌더 | D4: (라우트 진입 완료) | E4: DOM 로드 + 1초 대기 → console error 0건 + 핵심 selector 가시 | F4: console error 0건 (잘 알려진 외부 라이브러리 경고 제외), 핵심 컨테이너(main/main-layout/page-root) 렌더 | G4: safe | H4: auto | I4: PASS | L4: 2026-05-12 15:32:41
A5: AH-018-04 | B5: Settings | C5: 페이지 진입 시 API 자동 호출 응답 확인 | D5: (라우트 진입 완료) | E5: network 모니터 — 첫 5초 내 발생한 /api 또는 /v1 호출 + 상태코드 수집 | F5: 관련 API 200 OK 또는 비-401 응답. 401 발생 시 권한 분기 케이스로 분류 | G5: safe | H5: auto | I5: PASS | L5: 2026-05-12 15:32:41
A6: AH-018-05 | B6: Settings | C6: 사이드바 / 헤더 / 활성 메뉴 표시 | D6: (라우트 진입 완료) | E6: 선택된 메뉴 highlight + 현재 사용자(admin) 정보 표시 확인 | F6: 사이드바 노드 활성 클래스 + 사용자 아바타/이름 가시 | G6: safe | H6: auto | I6: PASS | L6: 2026-05-12 15:32:41
A7: AH-018-06 | B7: Settings | C7: 스크린샷 캡처 (감사용) | D7: (라우트 진입 + DOM 안정화) | E7: viewport 스크린샷 (full=false) | F7: screenshots/full/ 하위 .png 저장됨 (평문 시크릿 없음) | G7: safe | H7: auto | I7: PASS | L7: 2026-05-12 15:32:41 | M7: tools/ui_e2e/screenshots/full/AH_PROT_Settings.png
A8: AH-SP-061 | B8: 설정 | C8: 설정 폼 표시 (저장 안 함) | D8: (admin 로그인) | E8: /settings 진입 → 값 확인 (변경 없이) | F8: 설정 폼 가시 — 운영 무변경 | G8: safe | H8: auto | I8: PASS | K8: [라이브 라우트 결과 인용] Settings: PASS | L8: 2026-05-12 (인용)

Sheet SystemHealth
A1: ID | B1: 화면 | C1: 인터랙션 | D1: 사전조건 | E1: 입력/액션 | F1: 기대 결과 | G1: 위험도 | H1: 자동화 | I1: 결과 | J1: 실측값 | K1: 비고 | L1: 검증일시 | M1: 스크린샷 경로
A2: AH-047-01 | B2: SystemHealth | C2: 화면 진입 (admin 세션) | D2: (admin 로그인) — public 라우트도 admin 세션 보유 상태에서 진입 | E2: GET /system-health | F2: HTTP 200 또는 클라이언트 라우팅 성공 + 페이지 마운트 (Vue/Next 컴포넌트 렌더) | G2: safe | H2: auto | I2: PASS | J2: DOM mounted=True | duration=2430ms | final=http://192.168.10.39:64005/system-health | L2: 2026-05-12 15:33:33 | M2: tools/ui_e2e/screenshots/full/AH_PROT_SystemHealth.png
A3: AH-047-02 | B3: SystemHealth | C3: 권한 분기 (anonymous → /login 리다이렉트) | D3: (미로그인 + 새 컨텍스트) | E3: GET /system-health (token 없음) | F3: /login?redirect=... 또는 /landing 으로 리다이렉트 | G3: safe | H3: auto | I3: PASS | J3: final=http://192.168.10.39:64005/login?redirect=/system-health | K3: final=http://192.168.10.39:64005/login?redirect=/system-health | L3: 2026-05-12 15:40:00
A4: AH-047-03 | B4: SystemHealth | C4: DOM 마운트 + 주요 컨테이너 렌더 | D4: (라우트 진입 완료) | E4: DOM 로드 + 1초 대기 → console error 0건 + 핵심 selector 가시 | F4: console error 0건 (잘 알려진 외부 라이브러리 경고 제외), 핵심 컨테이너(main/main-layout/page-root) 렌더 | G4: safe | H4: auto | I4: PASS | L4: 2026-05-12 15:33:33
A5: AH-047-04 | B5: SystemHealth | C5: 페이지 진입 시 API 자동 호출 응답 확인 | D5: (라우트 진입 완료) | E5: network 모니터 — 첫 5초 내 발생한 /api 또는 /v1 호출 + 상태코드 수집 | F5: 관련 API 200 OK 또는 비-401 응답. 401 발생 시 권한 분기 케이스로 분류 | G5: safe | H5: auto | I5: PASS | L5: 2026-05-12 15:33:33
A6: AH-047-05 | B6: SystemHealth | C6: 사이드바 / 헤더 / 활성 메뉴 표시 | D6: (라우트 진입 완료) | E6: 선택된 메뉴 highlight + 현재 사용자(admin) 정보 표시 확인 | F6: 사이드바 노드 활성 클래스 + 사용자 아바타/이름 가시 | G6: safe | H6: auto | I6: PASS | L6: 2026-05-12 15:33:33
A7: AH-047-06 | B7: SystemHealth | C7: 스크린샷 캡처 (감사용) | D7: (라우트 진입 + DOM 안정화) | E7: viewport 스크린샷 (full=false) | F7: screenshots/full/ 하위 .png 저장됨 (평문 시크릿 없음) | G7: safe | H7: auto | I7: PASS | L7: 2026-05-12 15:33:33 | M7: tools/ui_e2e/screenshots/full/AH_PROT_SystemHealth.png
A8: AH-SP-062 | B8: 시스템 헬스 | C8: 헬스 체크 결과 표시 | D8: (admin 로그인) | E8: /system-health 진입 | F8: PostgreSQL/Redis/외부 LLM 헬스 표시 | G8: safe | H8: auto | I8: PASS | K8: [라이브 라우트 결과 인용] SystemHealth: PASS | L8: 2026-05-12 (인용)

Sheet Team
A1: ID | B1: 화면 | C1: 인터랙션 | D1: 사전조건 | E1: 입력/액션 | F1: 기대 결과 | G1: 위험도 | H1: 자동화 | I1: 결과 | J1: 실측값 | K1: 비고 | L1: 검증일시 | M1: 스크린샷 경로
A2: AH-046-01 | B2: Team | C2: 화면 진입 (admin 세션) | D2: (admin 로그인) — public 라우트도 admin 세션 보유 상태에서 진입 | E2: GET /team | F2: HTTP 200 또는 클라이언트 라우팅 성공 + 페이지 마운트 (Vue/Next 컴포넌트 렌더) | G2: safe | H2: auto | I2: PASS | J2: DOM mounted=True | duration=1804ms | final=http://192.168.10.39:64005/team | L2: 2026-05-12 15:33:31 | M2: tools/ui_e2e/screenshots/full/AH_PROT_Team.png
A3: AH-046-02 | B3: Team | C3: 권한 분기 (anonymous → /login 리다이렉트) | D3: (미로그인 + 새 컨텍스트) | E3: GET /team (token 없음) | F3: /login?redirect=... 또는 /landing 으로 리다이렉트 | G3: safe | H3: auto | I3: PASS | J3: final=http://192.168.10.39:64005/login?redirect=/team | K3: final=http://192.168.10.39:64005/login?redirect=/team | L3: 2026-05-12 15:40:00
A4: AH-046-03 | B4: Team | C4: DOM 마운트 + 주요 컨테이너 렌더 | D4: (라우트 진입 완료) | E4: DOM 로드 + 1초 대기 → console error 0건 + 핵심 selector 가시 | F4: console error 0건 (잘 알려진 외부 라이브러리 경고 제외), 핵심 컨테이너(main/main-layout/page-root) 렌더 | G4: safe | H4: auto | I4: PASS | L4: 2026-05-12 15:33:31
A5: AH-046-04 | B5: Team | C5: 페이지 진입 시 API 자동 호출 응답 확인 | D5: (라우트 진입 완료) | E5: network 모니터 — 첫 5초 내 발생한 /api 또는 /v1 호출 + 상태코드 수집 | F5: 관련 API 200 OK 또는 비-401 응답. 401 발생 시 권한 분기 케이스로 분류 | G5: safe | H5: auto | I5: PASS | L5: 2026-05-12 15:33:31
A6: AH-046-05 | B6: Team | C6: 사이드바 / 헤더 / 활성 메뉴 표시 | D6: (라우트 진입 완료) | E6: 선택된 메뉴 highlight + 현재 사용자(admin) 정보 표시 확인 | F6: 사이드바 노드 활성 클래스 + 사용자 아바타/이름 가시 | G6: safe | H6: auto | I6: PASS | L6: 2026-05-12 15:33:31
A7: AH-046-06 | B7: Team | C7: 스크린샷 캡처 (감사용) | D7: (라우트 진입 + DOM 안정화) | E7: viewport 스크린샷 (full=false) | F7: screenshots/full/ 하위 .png 저장됨 (평문 시크릿 없음) | G7: safe | H7: auto | I7: PASS | L7: 2026-05-12 15:33:31 | M7: tools/ui_e2e/screenshots/full/AH_PROT_Team.png
A8: AH-SP-069 | B8: 팀 | C8: 팀 목록 표시 | D8: (admin 로그인) | E8: /team 진입 | F8: 팀 목록 또는 빈 상태 | G8: safe | H8: auto | I8: PASS | K8: [라이브 라우트 결과 인용] Team: PASS | L8: 2026-05-12 (인용)

Sheet TermsOfService
A1: ID | B1: 화면 | C1: 인터랙션 | D1: 사전조건 | E1: 입력/액션 | F1: 기대 결과 | G1: 위험도 | H1: 자동화 | I1: 결과 | J1: 실측값 | K1: 비고 | L1: 검증일시 | M1: 스크린샷 경로
A2: AH-005-01 | B2: TermsOfService | C2: 화면 진입 (anonymous) | D2: (미로그인) anonymous | E2: GET /terms | F2: HTTP 200 또는 클라이언트 라우팅 성공 + 페이지 마운트 (Vue/Next 컴포넌트 렌더) | G2: safe | H2: auto | I2: PASS | J2: DOM mounted=True | duration=1780ms | final=http://192.168.10.39:64005/terms | L2: 2026-05-12 15:32:16 | M2: tools/ui_e2e/screenshots/full/AH_PUB_TermsOfService.png
A3: AH-005-02 | B3: TermsOfService | C3: 권한 분기 (admin 진입도 허용) | D3: (admin 로그인 상태) | E3: GET /terms | F3: redirect=true 가 아닌 경우 그대로 표시 또는 routerGuard 에 따라 /로 이동 | G3: safe | H3: auto | I3: PASS | L3: 2026-05-12 15:32:16
A4: AH-005-03 | B4: TermsOfService | C4: DOM 마운트 + 주요 컨테이너 렌더 | D4: (라우트 진입 완료) | E4: DOM 로드 + 1초 대기 → console error 0건 + 핵심 selector 가시 | F4: console error 0건 (잘 알려진 외부 라이브러리 경고 제외), 핵심 컨테이너(main/main-layout/page-root) 렌더 | G4: safe | H4: auto | I4: PASS | L4: 2026-05-12 15:32:16
A5: AH-005-06 | B5: TermsOfService | C5: 스크린샷 캡처 (감사용) | D5: (라우트 진입 + DOM 안정화) | E5: viewport 스크린샷 (full=false) | F5: screenshots/full/ 하위 .png 저장됨 (평문 시크릿 없음) | G5: safe | H5: auto | I5: PASS | L5: 2026-05-12 15:32:16 | M5: tools/ui_e2e/screenshots/full/AH_PUB_TermsOfService.png

Sheet ToolBuilder
A1: ID | B1: 화면 | C1: 인터랙션 | D1: 사전조건 | E1: 입력/액션 | F1: 기대 결과 | G1: 위험도 | H1: 자동화 | I1: 결과 | J1: 실측값 | K1: 비고 | L1: 검증일시 | M1: 스크린샷 경로
A2: AH-054-01 | B2: ToolBuilder | C2: 화면 진입 (admin 세션) | D2: (admin 로그인) — public 라우트도 admin 세션 보유 상태에서 진입 | E2: GET /tools/builder | F2: HTTP 200 또는 클라이언트 라우팅 성공 + 페이지 마운트 (Vue/Next 컴포넌트 렌더) | G2: safe | H2: auto | I2: PASS | J2: DOM mounted=True | duration=1284ms | final=http://192.168.10.39:64005/tools/builder | L2: 2026-05-12 15:33:46 | M2: tools/ui_e2e/screenshots/full/AH_PROT_ToolBuilder.png
A3: AH-054-02 | B3: ToolBuilder | C3: 권한 분기 (anonymous → /login 리다이렉트) | D3: (미로그인 + 새 컨텍스트) | E3: GET /tools/builder (token 없음) | F3: /login?redirect=... 또는 /landing 으로 리다이렉트 | G3: safe | H3: auto | I3: PASS | J3: final=http://192.168.10.39:64005/login?redirect=/tools/builder | K3: final=http://192.168.10.39:64005/login?redirect=/tools/builder | L3: 2026-05-12 15:40:00
A4: AH-054-03 | B4: ToolBuilder | C4: DOM 마운트 + 주요 컨테이너 렌더 | D4: (라우트 진입 완료) | E4: DOM 로드 + 1초 대기 → console error 0건 + 핵심 selector 가시 | F4: console error 0건 (잘 알려진 외부 라이브러리 경고 제외), 핵심 컨테이너(main/main-layout/page-root) 렌더 | G4: safe | H4: auto | I4: PASS | L4: 2026-05-12 15:33:46
A5: AH-054-04 | B5: ToolBuilder | C5: 페이지 진입 시 API 자동 호출 응답 확인 | D5: (라우트 진입 완료) | E5: network 모니터 — 첫 5초 내 발생한 /api 또는 /v1 호출 + 상태코드 수집 | F5: 관련 API 200 OK 또는 비-401 응답. 401 발생 시 권한 분기 케이스로 분류 | G5: safe | H5: auto | I5: PASS | L5: 2026-05-12 15:33:46
A6: AH-054-05 | B6: ToolBuilder | C6: 사이드바 / 헤더 / 활성 메뉴 표시 | D6: (라우트 진입 완료) | E6: 선택된 메뉴 highlight + 현재 사용자(admin) 정보 표시 확인 | F6: 사이드바 노드 활성 클래스 + 사용자 아바타/이름 가시 | G6: safe | H6: auto | I6: PASS | L6: 2026-05-12 15:33:46
A7: AH-054-06 | B7: ToolBuilder | C7: 스크린샷 캡처 (감사용) | D7: (라우트 진입 + DOM 안정화) | E7: viewport 스크린샷 (full=false) | F7: screenshots/full/ 하위 .png 저장됨 (평문 시크릿 없음) | G7: safe | H7: auto | I7: PASS | L7: 2026-05-12 15:33:46 | M7: tools/ui_e2e/screenshots/full/AH_PROT_ToolBuilder.png
A8: AH-SP-091 | B8: 도구 빌더 | C8: 도구 빌더 폼 표시 (저장 안 함) | D8: (admin 로그인) | E8: /tools/builder 진입 | F8: 도구 타입 선택 (C#/Script/API) + 코드 에디터 가시 | G8: safe | H8: auto | I8: PASS | K8: [라이브 라우트 결과 인용] ToolBuilder: PASS | L8: 2026-05-12 (인용)

Sheet Tools
A1: ID | B1: 화면 | C1: 인터랙션 | D1: 사전조건 | E1: 입력/액션 | F1: 기대 결과 | G1: 위험도 | H1: 자동화 | I1: 결과 | J1: 실측값 | K1: 비고 | L1: 검증일시 | M1: 스크린샷 경로
A2: AH-053-01 | B2: Tools | C2: 화면 진입 (admin 세션) | D2: (admin 로그인) — public 라우트도 admin 세션 보유 상태에서 진입 | E2: GET /tools | F2: HTTP 200 또는 클라이언트 라우팅 성공 + 페이지 마운트 (Vue/Next 컴포넌트 렌더) | G2: safe | H2: auto | I2: PASS | J2: DOM mounted=True | duration=1778ms | final=http://192.168.10.39:64005/tools | net_issues=1: [{'url': 'http://192.168.10.39:64005/api/tools', 'status': 401}] | console_errors=1: ['Error loading tools: y'] | L2: 2026-05-12 15:33:45 | M2: tools/ui_e2e/screenshots/full/AH_PROT_Tools.png
A3: AH-053-02 | B3: Tools | C3: 권한 분기 (anonymous → /login 리다이렉트) | D3: (미로그인 + 새 컨텍스트) | E3: GET /tools (token 없음) | F3: /login?redirect=... 또는 /landing 으로 리다이렉트 | G3: safe | H3: auto | I3: PASS | J3: final=http://192.168.10.39:64005/login?redirect=/tools | K3: final=http://192.168.10.39:64005/login?redirect=/tools | L3: 2026-05-12 15:40:00
A4: AH-053-03 | B4: Tools | C4: DOM 마운트 + 주요 컨테이너 렌더 | D4: (라우트 진입 완료) | E4: DOM 로드 + 1초 대기 → console error 0건 + 핵심 selector 가시 | F4: console error 0건 (잘 알려진 외부 라이브러리 경고 제외), 핵심 컨테이너(main/main-layout/page-root) 렌더 | G4: safe | H4: auto | I4: PASS | L4: 2026-05-12 15:33:45
A5: AH-053-04 | B5: Tools | C5: 페이지 진입 시 API 자동 호출 응답 확인 | D5: (라우트 진입 완료) | E5: network 모니터 — 첫 5초 내 발생한 /api 또는 /v1 호출 + 상태코드 수집 | F5: 관련 API 200 OK 또는 비-401 응답. 401 발생 시 권한 분기 케이스로 분류 | G5: safe | H5: auto | I5: PASS | L5: 2026-05-12 15:33:45
A6: AH-053-05 | B6: Tools | C6: 사이드바 / 헤더 / 활성 메뉴 표시 | D6: (라우트 진입 완료) | E6: 선택된 메뉴 highlight + 현재 사용자(admin) 정보 표시 확인 | F6: 사이드바 노드 활성 클래스 + 사용자 아바타/이름 가시 | G6: safe | H6: auto | I6: PASS | L6: 2026-05-12 15:33:45
A7: AH-053-06 | B7: Tools | C7: 스크린샷 캡처 (감사용) | D7: (라우트 진입 + DOM 안정화) | E7: viewport 스크린샷 (full=false) | F7: screenshots/full/ 하위 .png 저장됨 (평문 시크릿 없음) | G7: safe | H7: auto | I7: PASS | L7: 2026-05-12 15:33:45 | M7: tools/ui_e2e/screenshots/full/AH_PROT_Tools.png
A8: AH-SP-090 | B8: 도구 목록 | C8: 도구 목록 + 새로 만들기 버튼 | D8: (admin 로그인) | E8: /tools 진입 | F8: 도구 목록 또는 빈 상태 + 새로 만들기 버튼 가시 | G8: safe | H8: auto | I8: PASS | K8: [라이브 라우트 결과 인용] Tools: PASS | L8: 2026-05-12 (인용)

Sheet UsageHistory
A1: ID | B1: 화면 | C1: 인터랙션 | D1: 사전조건 | E1: 입력/액션 | F1: 기대 결과 | G1: 위험도 | H1: 자동화 | I1: 결과 | J1: 실측값 | K1: 비고 | L1: 검증일시 | M1: 스크린샷 경로
A2: AH-042-01 | B2: UsageHistory | C2: 화면 진입 (admin 세션) | D2: (admin 로그인) — public 라우트도 admin 세션 보유 상태에서 진입 | E2: GET /usage-history | F2: HTTP 200 또는 클라이언트 라우팅 성공 + 페이지 마운트 (Vue/Next 컴포넌트 렌더) | G2: safe | H2: auto | I2: FAIL | J2: DOM mounted=True | duration=1811ms | final=http://192.168.10.39:64005/usage-history | net_issues=1: [{'url': 'http://192.168.10.39:64005/api/analytics/usage-history?skip=0&take=20&startDate=2026-03-31T00:00:00.000Z&endDate=2026-05', 'status': 500}] | console_errors=1: ['Error loading usages: y'] | K2: 운영 백엔드 결함: 500 http://192.168.10.39:64005/api/analytics/usage-history?skip=0&take=20&startDate= | L2: 2026-05-12 15:33:24 | M2: tools/ui_e2e/screenshots/full/AH_PROT_UsageHistory.png
A3: AH-042-02 | B3: UsageHistory | C3: 권한 분기 (anonymous → /login 리다이렉트) | D3: (미로그인 + 새 컨텍스트) | E3: GET /usage-history (token 없음) | F3: /login?redirect=... 또는 /landing 으로 리다이렉트 | G3: safe | H3: auto | I3: PASS | J3: final=http://192.168.10.39:64005/login?redirect=/usage-history | K3: final=http://192.168.10.39:64005/login?redirect=/usage-history | L3: 2026-05-12 15:40:00
A4: AH-042-03 | B4: UsageHistory | C4: DOM 마운트 + 주요 컨테이너 렌더 | D4: (라우트 진입 완료) | E4: DOM 로드 + 1초 대기 → console error 0건 + 핵심 selector 가시 | F4: console error 0건 (잘 알려진 외부 라이브러리 경고 제외), 핵심 컨테이너(main/main-layout/page-root) 렌더 | G4: safe | H4: auto | I4: FAIL | K4: 운영 백엔드 결함: 500 http://192.168.10.39:64005/api/analytics/usage-history?skip=0&take=20&startDate= | L4: 2026-05-12 15:33:24
A5: AH-042-04 | B5: UsageHistory | C5: 페이지 진입 시 API 자동 호출 응답 확인 | D5: (라우트 진입 완료) | E5: network 모니터 — 첫 5초 내 발생한 /api 또는 /v1 호출 + 상태코드 수집 | F5: 관련 API 200 OK 또는 비-401 응답. 401 발생 시 권한 분기 케이스로 분류 | G5: safe | H5: auto | I5: FAIL | K5: 운영 백엔드 결함: 500 http://192.168.10.39:64005/api/analytics/usage-history?skip=0&take=20&startDate= | L5: 2026-05-12 15:33:24
A6: AH-042-05 | B6: UsageHistory | C6: 사이드바 / 헤더 / 활성 메뉴 표시 | D6: (라우트 진입 완료) | E6: 선택된 메뉴 highlight + 현재 사용자(admin) 정보 표시 확인 | F6: 사이드바 노드 활성 클래스 + 사용자 아바타/이름 가시 | G6: safe | H6: auto | I6: PASS | L6: 2026-05-12 15:33:24
A7: AH-042-06 | B7: UsageHistory | C7: 스크린샷 캡처 (감사용) | D7: (라우트 진입 + DOM 안정화) | E7: viewport 스크린샷 (full=false) | F7: screenshots/full/ 하위 .png 저장됨 (평문 시크릿 없음) | G7: safe | H7: auto | I7: PASS | L7: 2026-05-12 15:33:24 | M7: tools/ui_e2e/screenshots/full/AH_PROT_UsageHistory.png
A8: AH-SP-071 | B8: 사용 이력 | C8: 사용 이력 표 + 페이지네이션 | D8: (admin 로그인) | E8: /usage-history 진입 | F8: 사용 이력 행 렌더 + 페이지네이션 | G8: safe | H8: auto | I8: FAIL | K8: [라이브 라우트 결과 인용] UsageHistory: FAIL | L8: 2026-05-12 (인용)

Sheet Users
A1: ID | B1: 화면 | C1: 인터랙션 | D1: 사전조건 | E1: 입력/액션 | F1: 기대 결과 | G1: 위험도 | H1: 자동화 | I1: 결과 | J1: 실측값 | K1: 비고 | L1: 검증일시 | M1: 스크린샷 경로
A2: AH-011-01 | B2: Users | C2: 화면 진입 (admin 세션) | D2: (admin 로그인) — public 라우트도 admin 세션 보유 상태에서 진입 | E2: GET /users | F2: HTTP 200 또는 클라이언트 라우팅 성공 + 페이지 마운트 (Vue/Next 컴포넌트 렌더) | G2: safe | H2: auto | I2: PASS | J2: DOM mounted=True | duration=1805ms | final=http://192.168.10.39:64005/users | L2: 2026-05-12 15:32:28 | M2: tools/ui_e2e/screenshots/full/AH_PROT_Users.png
A3: AH-011-02 | B3: Users | C3: 권한 분기 (anonymous → /login 리다이렉트) | D3: (미로그인 + 새 컨텍스트) | E3: GET /users (token 없음) | F3: /login?redirect=... 또는 /landing 으로 리다이렉트 | G3: safe | H3: auto | I3: PASS | J3: final=http://192.168.10.39:64005/login?redirect=/users (redirected to http://192.168.10.39:64005/login?redirect=/users) | L3: 2026-05-12 15:33:55
A4: AH-011-03 | B4: Users | C4: DOM 마운트 + 주요 컨테이너 렌더 | D4: (라우트 진입 완료) | E4: DOM 로드 + 1초 대기 → console error 0건 + 핵심 selector 가시 | F4: console error 0건 (잘 알려진 외부 라이브러리 경고 제외), 핵심 컨테이너(main/main-layout/page-root) 렌더 | G4: safe | H4: auto | I4: PASS | L4: 2026-05-12 15:32:28
A5: AH-011-04 | B5: Users | C5: 페이지 진입 시 API 자동 호출 응답 확인 | D5: (라우트 진입 완료) | E5: network 모니터 — 첫 5초 내 발생한 /api 또는 /v1 호출 + 상태코드 수집 | F5: 관련 API 200 OK 또는 비-401 응답. 401 발생 시 권한 분기 케이스로 분류 | G5: safe | H5: auto | I5: PASS | L5: 2026-05-12 15:32:28
A6: AH-011-05 | B6: Users | C6: 사이드바 / 헤더 / 활성 메뉴 표시 | D6: (라우트 진입 완료) | E6: 선택된 메뉴 highlight + 현재 사용자(admin) 정보 표시 확인 | F6: 사이드바 노드 활성 클래스 + 사용자 아바타/이름 가시 | G6: safe | H6: auto | I6: PASS | L6: 2026-05-12 15:32:28
A7: AH-011-06 | B7: Users | C7: 스크린샷 캡처 (감사용) | D7: (라우트 진입 + DOM 안정화) | E7: viewport 스크린샷 (full=false) | F7: screenshots/full/ 하위 .png 저장됨 (평문 시크릿 없음) | G7: safe | H7: auto | I7: PASS | L7: 2026-05-12 15:32:28 | M7: tools/ui_e2e/screenshots/full/AH_PROT_Users.png
A8: AH-SP-060 | B8: 사용자 관리 | C8: 사용자 목록 페이지네이션 | D8: (admin 로그인) | E8: /users 진입 | F8: 사용자 표 렌더 + 페이지네이션 컨트롤 | G8: safe | H8: auto | I8: PASS | K8: [라이브 라우트 결과 인용] Users: PASS | L8: 2026-05-12 (인용)

Sheet WorkflowBuilder
A1: ID | B1: 화면 | C1: 인터랙션 | D1: 사전조건 | E1: 입력/액션 | F1: 기대 결과 | G1: 위험도 | H1: 자동화 | I1: 결과 | J1: 실측값 | K1: 비고 | L1: 검증일시 | M1: 스크린샷 경로
A2: AH-056-01 | B2: WorkflowBuilder | C2: 화면 진입 (admin 세션) | D2: (admin 로그인) — public 라우트도 admin 세션 보유 상태에서 진입 | E2: GET /workflows/builder | F2: HTTP 200 또는 클라이언트 라우팅 성공 + 페이지 마운트 (Vue/Next 컴포넌트 렌더) | G2: safe | H2: auto | I2: PASS | J2: DOM mounted=True | duration=1786ms | final=http://192.168.10.39:64005/workflows/builder | L2: 2026-05-12 15:33:49 | M2: tools/ui_e2e/screenshots/full/AH_PROT_WorkflowBuilder.png
A3: AH-056-02 | B3: WorkflowBuilder | C3: 권한 분기 (anonymous → /login 리다이렉트) | D3: (미로그인 + 새 컨텍스트) | E3: GET /workflows/builder (token 없음) | F3: /login?redirect=... 또는 /landing 으로 리다이렉트 | G3: safe | H3: auto | I3: PASS | J3: final=http://192.168.10.39:64005/login?redirect=/workflows/builder | K3: final=http://192.168.10.39:64005/login?redirect=/workflows/builder | L3: 2026-05-12 15:40:00
A4: AH-056-03 | B4: WorkflowBuilder | C4: DOM 마운트 + 주요 컨테이너 렌더 | D4: (라우트 진입 완료) | E4: DOM 로드 + 1초 대기 → console error 0건 + 핵심 selector 가시 | F4: console error 0건 (잘 알려진 외부 라이브러리 경고 제외), 핵심 컨테이너(main/main-layout/page-root) 렌더 | G4: safe | H4: auto | I4: PASS | L4: 2026-05-12 15:33:49
A5: AH-056-04 | B5: WorkflowBuilder | C5: 페이지 진입 시 API 자동 호출 응답 확인 | D5: (라우트 진입 완료) | E5: network 모니터 — 첫 5초 내 발생한 /api 또는 /v1 호출 + 상태코드 수집 | F5: 관련 API 200 OK 또는 비-401 응답. 401 발생 시 권한 분기 케이스로 분류 | G5: safe | H5: auto | I5: PASS | L5: 2026-05-12 15:33:49
A6: AH-056-05 | B6: WorkflowBuilder | C6: 사이드바 / 헤더 / 활성 메뉴 표시 | D6: (라우트 진입 완료) | E6: 선택된 메뉴 highlight + 현재 사용자(admin) 정보 표시 확인 | F6: 사이드바 노드 활성 클래스 + 사용자 아바타/이름 가시 | G6: safe | H6: auto | I6: PASS | L6: 2026-05-12 15:33:49
A7: AH-056-06 | B7: WorkflowBuilder | C7: 스크린샷 캡처 (감사용) | D7: (라우트 진입 + DOM 안정화) | E7: viewport 스크린샷 (full=false) | F7: screenshots/full/ 하위 .png 저장됨 (평문 시크릿 없음) | G7: safe | H7: auto | I7: PASS | L7: 2026-05-12 15:33:49 | M7: tools/ui_e2e/screenshots/full/AH_PROT_WorkflowBuilder.png
A8: AH-SP-093 | B8: 워크플로우 빌더 | C8: Vue Flow 에디터 마운트 | D8: (admin 로그인) | E8: /workflows/builder 진입 | F8: Vue Flow 캔버스 + 노드 팔레트 가시 | G8: safe | H8: auto | I8: PASS | K8: [라이브 라우트 결과 인용] WorkflowBuilder: PASS | L8: 2026-05-12 (인용)

Sheet WorkflowExecutionMonitor
A1: ID | B1: 화면 | C1: 인터랙션 | D1: 사전조건 | E1: 입력/액션 | F1: 기대 결과 | G1: 위험도 | H1: 자동화 | I1: 결과 | J1: 실측값 | K1: 비고 | L1: 검증일시 | M1: 스크린샷 경로
A2: AH-057-01 | B2: WorkflowExecutionMonitor | C2: 화면 진입 (admin 세션) | D2: (admin 로그인) — public 라우트도 admin 세션 보유 상태에서 진입 | E2: GET /workflows/executions | F2: HTTP 200 또는 클라이언트 라우팅 성공 + 페이지 마운트 (Vue/Next 컴포넌트 렌더) | G2: safe | H2: auto | I2: PASS | J2: DOM mounted=True | duration=1276ms | final=http://192.168.10.39:64005/workflows/executions | L2: 2026-05-12 15:33:51 | M2: tools/ui_e2e/screenshots/full/AH_PROT_WorkflowExecutionMonitor.png
A3: AH-057-02 | B3: WorkflowExecutionMonitor | C3: 권한 분기 (anonymous → /login 리다이렉트) | D3: (미로그인 + 새 컨텍스트) | E3: GET /workflows/executions (token 없음) | F3: /login?redirect=... 또는 /landing 으로 리다이렉트 | G3: safe | H3: auto | I3: PASS | J3: final=http://192.168.10.39:64005/login?redirect=/workflows/executions | K3: final=http://192.168.10.39:64005/login?redirect=/workflows/executions | L3: 2026-05-12 15:40:00
A4: AH-057-03 | B4: WorkflowExecutionMonitor | C4: DOM 마운트 + 주요 컨테이너 렌더 | D4: (라우트 진입 완료) | E4: DOM 로드 + 1초 대기 → console error 0건 + 핵심 selector 가시 | F4: console error 0건 (잘 알려진 외부 라이브러리 경고 제외), 핵심 컨테이너(main/main-layout/page-root) 렌더 | G4: safe | H4: auto | I4: PASS | L4: 2026-05-12 15:33:51
A5: AH-057-04 | B5: WorkflowExecutionMonitor | C5: 페이지 진입 시 API 자동 호출 응답 확인 | D5: (라우트 진입 완료) | E5: network 모니터 — 첫 5초 내 발생한 /api 또는 /v1 호출 + 상태코드 수집 | F5: 관련 API 200 OK 또는 비-401 응답. 401 발생 시 권한 분기 케이스로 분류 | G5: safe | H5: auto | I5: PASS | L5: 2026-05-12 15:33:51
A6: AH-057-05 | B6: WorkflowExecutionMonitor | C6: 사이드바 / 헤더 / 활성 메뉴 표시 | D6: (라우트 진입 완료) | E6: 선택된 메뉴 highlight + 현재 사용자(admin) 정보 표시 확인 | F6: 사이드바 노드 활성 클래스 + 사용자 아바타/이름 가시 | G6: safe | H6: auto | I6: PASS | L6: 2026-05-12 15:33:51
A7: AH-057-06 | B7: WorkflowExecutionMonitor | C7: 스크린샷 캡처 (감사용) | D7: (라우트 진입 + DOM 안정화) | E7: viewport 스크린샷 (full=false) | F7: screenshots/full/ 하위 .png 저장됨 (평문 시크릿 없음) | G7: safe | H7: auto | I7: PASS | L7: 2026-05-12 15:33:51 | M7: tools/ui_e2e/screenshots/full/AH_PROT_WorkflowExecutionMonitor.png
A8: AH-SP-094 | B8: 실행 모니터 | C8: 실행 이력 표시 | D8: (admin 로그인) | E8: /workflows/executions 진입 | F8: 실행 이력 행 또는 빈 상태 | G8: safe | H8: auto | I8: PASS | K8: [라이브 라우트 결과 인용] WorkflowExecutionMonitor: PASS | L8: 2026-05-12 (인용)

Sheet Workflows
A1: ID | B1: 화면 | C1: 인터랙션 | D1: 사전조건 | E1: 입력/액션 | F1: 기대 결과 | G1: 위험도 | H1: 자동화 | I1: 결과 | J1: 실측값 | K1: 비고 | L1: 검증일시 | M1: 스크린샷 경로
A2: AH-055-01 | B2: Workflows | C2: 화면 진입 (admin 세션) | D2: (admin 로그인) — public 라우트도 admin 세션 보유 상태에서 진입 | E2: GET /workflows | F2: HTTP 200 또는 클라이언트 라우팅 성공 + 페이지 마운트 (Vue/Next 컴포넌트 렌더) | G2: safe | H2: auto | I2: PASS | J2: DOM mounted=True | duration=1780ms | final=http://192.168.10.39:64005/workflows | net_issues=1: [{'url': 'http://192.168.10.39:64005/api/workflows', 'status': 401}] | console_errors=1: ['Error loading workflows: y'] | L2: 2026-05-12 15:33:48 | M2: tools/ui_e2e/screenshots/full/AH_PROT_Workflows.png
A3: AH-055-02 | B3: Workflows | C3: 권한 분기 (anonymous → /login 리다이렉트) | D3: (미로그인 + 새 컨텍스트) | E3: GET /workflows (token 없음) | F3: /login?redirect=... 또는 /landing 으로 리다이렉트 | G3: safe | H3: auto | I3: PASS | J3: final=http://192.168.10.39:64005/login?redirect=/workflows | K3: final=http://192.168.10.39:64005/login?redirect=/workflows | L3: 2026-05-12 15:40:00
A4: AH-055-03 | B4: Workflows | C4: DOM 마운트 + 주요 컨테이너 렌더 | D4: (라우트 진입 완료) | E4: DOM 로드 + 1초 대기 → console error 0건 + 핵심 selector 가시 | F4: console error 0건 (잘 알려진 외부 라이브러리 경고 제외), 핵심 컨테이너(main/main-layout/page-root) 렌더 | G4: safe | H4: auto | I4: PASS | L4: 2026-05-12 15:33:48
A5: AH-055-04 | B5: Workflows | C5: 페이지 진입 시 API 자동 호출 응답 확인 | D5: (라우트 진입 완료) | E5: network 모니터 — 첫 5초 내 발생한 /api 또는 /v1 호출 + 상태코드 수집 | F5: 관련 API 200 OK 또는 비-401 응답. 401 발생 시 권한 분기 케이스로 분류 | G5: safe | H5: auto | I5: PASS | L5: 2026-05-12 15:33:48
A6: AH-055-05 | B6: Workflows | C6: 사이드바 / 헤더 / 활성 메뉴 표시 | D6: (라우트 진입 완료) | E6: 선택된 메뉴 highlight + 현재 사용자(admin) 정보 표시 확인 | F6: 사이드바 노드 활성 클래스 + 사용자 아바타/이름 가시 | G6: safe | H6: auto | I6: PASS | L6: 2026-05-12 15:33:48
A7: AH-055-06 | B7: Workflows | C7: 스크린샷 캡처 (감사용) | D7: (라우트 진입 + DOM 안정화) | E7: viewport 스크린샷 (full=false) | F7: screenshots/full/ 하위 .png 저장됨 (평문 시크릿 없음) | G7: safe | H7: auto | I7: PASS | L7: 2026-05-12 15:33:48 | M7: tools/ui_e2e/screenshots/full/AH_PROT_Workflows.png
A8: AH-SP-092 | B8: 워크플로우 목록 | C8: 워크플로우 목록 표시 | D8: (admin 로그인) | E8: /workflows 진입 | F8: 워크플로우 카드/표 렌더 | G8: safe | H8: auto | I8: PASS | K8: [라이브 라우트 결과 인용] Workflows: PASS | L8: 2026-05-12 (인용)
